-- MySQL dump 10.13  Distrib 8.0.32, for Win64 (x86_64)
--
-- Host: localhost    Database: erp_production
-- ------------------------------------------------------
-- Server version	8.0.32

/*!40101 SET @OLD_CHARACTER_SET_CLIENT=@@CHARACTER_SET_CLIENT */;
/*!40101 SET @OLD_CHARACTER_SET_RESULTS=@@CHARACTER_SET_RESULTS */;
/*!40101 SET @OLD_COLLATION_CONNECTION=@@COLLATION_CONNECTION */;
/*!50503 SET NAMES utf8mb4 */;
/*!40103 SET @OLD_TIME_ZONE=@@TIME_ZONE */;
/*!40103 SET TIME_ZONE='+00:00' */;
/*!40014 SET @OLD_UNIQUE_CHECKS=@@UNIQUE_CHECKS, UNIQUE_CHECKS=0 */;
/*!40014 SET @OLD_FOREIGN_KEY_CHECKS=@@FOREIGN_KEY_CHECKS, FOREIGN_KEY_CHECKS=0 */;
/*!40101 SET @OLD_SQL_MODE=@@SQL_MODE, SQL_MODE='NO_AUTO_VALUE_ON_ZERO' */;
/*!40111 SET @OLD_SQL_NOTES=@@SQL_NOTES, SQL_NOTES=0 */;

--
-- Current Database: `erp_production`
--

/*!40000 DROP DATABASE IF EXISTS `erp_production`*/;

CREATE DATABASE /*!32312 IF NOT EXISTS*/ `erp_production` /*!40100 DEFAULT CHARACTER SET utf8mb4 COLLATE utf8mb4_0900_ai_ci */ /*!80016 DEFAULT ENCRYPTION='N' */;

USE `erp_production`;

--
-- Table structure for table `bom`
--

DROP TABLE IF EXISTS `bom`;
/*!40101 SET @saved_cs_client     = @@character_set_client */;
/*!50503 SET character_set_client = utf8mb4 */;
CREATE TABLE `bom` (
  `id` bigint NOT NULL COMMENT 'BOM ID',
  `bom_no` varchar(50) NOT NULL COMMENT 'BOM编号',
  `product_id` bigint NOT NULL COMMENT '产品ID',
  `product_name` varchar(100) DEFAULT NULL COMMENT '产品名称',
  `version` varchar(20) DEFAULT '1.0' COMMENT 'BOM版本',
  `unit_cost` decimal(12,2) DEFAULT '0.00' COMMENT '单位成本',
  `is_active` tinyint DEFAULT '1' COMMENT '是否启用：1-启用 2-停用',
  `remark` varchar(255) DEFAULT NULL COMMENT '备注',
  `created_at` datetime DEFAULT CURRENT_TIMESTAMP COMMENT '创建时间',
  `created_by` bigint DEFAULT NULL COMMENT '创建人ID',
  `updated_at` datetime DEFAULT CURRENT_TIMESTAMP ON UPDATE CURRENT_TIMESTAMP COMMENT '更新时间',
  `updated_by` bigint DEFAULT NULL COMMENT '更新人ID',
  PRIMARY KEY (`id`),
  UNIQUE KEY `bom_no` (`bom_no`),
  KEY `idx_product_id` (`product_id`),
  KEY `idx_is_active` (`is_active`)
) ENGINE=InnoDB DEFAULT CHARSET=utf8mb4 COLLATE=utf8mb4_0900_ai_ci COMMENT='BOM主表';
/*!40101 SET character_set_client = @saved_cs_client */;

--
-- Dumping data for table `bom`
--

LOCK TABLES `bom` WRITE;
/*!40000 ALTER TABLE `bom` DISABLE KEYS */;
INSERT INTO `bom` VALUES (5000000000000000001,'BOM001',1100000000000000015,'标准机架MF-2000','1.0',8500.00,1,'标准机架生产物料清单','2023-01-01 00:00:00',7000000000000000012,'2026-02-14 23:25:01',7000000000000000000),(5000000000000000002,'BOM002',1100000000000000016,'重型机架HF-3000','1.0',15000.00,1,'重型机架生产物料清单','2023-01-01 00:00:00',7000000000000000012,'2023-01-01 00:00:00',7000000000000000012),(5000000000000000003,'BOM003',1100000000000000018,'链条传动装置CT-200','1.0',4500.00,1,'链条传动装置物料清单','2023-01-01 00:00:00',7000000000000000012,'2023-01-01 00:00:00',7000000000000000012),(5000000000000000004,'BOM004',1100000000000000019,'皮带传动装置BT-150','1.0',3200.00,1,'皮带传动装置物料清单','2023-01-01 00:00:00',7000000000000000012,'2023-01-01 00:00:00',7000000000000000012),(5000000000000000005,'BOM005',1100000000000000021,'可调支撑架AS-100','1.0',680.00,1,'可调支撑架物料清单','2023-01-01 00:00:00',7000000000000000012,'2023-01-01 00:00:00',7000000000000000012);
/*!40000 ALTER TABLE `bom` ENABLE KEYS */;
UNLOCK TABLES;

--
-- Table structure for table `bom_item`
--

DROP TABLE IF EXISTS `bom_item`;
/*!40101 SET @saved_cs_client     = @@character_set_client */;
/*!50503 SET character_set_client = utf8mb4 */;
CREATE TABLE `bom_item` (
  `id` bigint NOT NULL COMMENT 'BOM明细ID',
  `bom_id` bigint NOT NULL COMMENT 'BOM ID',
  `material_id` bigint NOT NULL COMMENT '物料ID（产品表ID）',
  `material_name` varchar(100) DEFAULT NULL COMMENT '物料名称',
  `quantity` decimal(10,2) NOT NULL COMMENT '用量',
  `unit` varchar(20) DEFAULT NULL COMMENT '单位',
  `scrap_rate` decimal(5,2) DEFAULT '0.00' COMMENT '损耗率(%)',
  `remark` varchar(255) DEFAULT NULL COMMENT '备注',
  PRIMARY KEY (`id`),
  KEY `idx_bom_id` (`bom_id`),
  KEY `idx_material_id` (`material_id`)
) ENGINE=InnoDB DEFAULT CHARSET=utf8mb4 COLLATE=utf8mb4_0900_ai_ci COMMENT='BOM明细表';
/*!40101 SET character_set_client = @saved_cs_client */;

--
-- Dumping data for table `bom_item`
--

LOCK TABLES `bom_item` WRITE;
/*!40000 ALTER TABLE `bom_item` DISABLE KEYS */;
INSERT INTO `bom_item` VALUES (606515236945535926,5000000000000000001,1100000000000000033,'防锈油',1.00,'斤',1.00,NULL),(606548685395862454,606548685295199158,1100000000000000001,'Q235碳钢板',3.00,'吨',4.00,'t'),(5100000000000000001,5000000000000000001,1100000000000000001,'Q235碳钢板',0.50,'吨',3.00,'主体框架材料'),(5100000000000000002,5000000000000000001,1100000000000000005,'角钢',0.20,'吨',2.00,'加强筋材料'),(5100000000000000003,5000000000000000001,1100000000000000008,'六角螺栓M16*80',48.00,'个',1.00,'连接螺栓'),(5100000000000000004,5000000000000000001,1100000000000000009,'六角螺母M16',48.00,'个',1.00,'连接螺母'),(5100000000000000005,5000000000000000001,1100000000000000010,'平垫圈16',96.00,'个',1.00,'垫圈'),(5100000000000000006,5000000000000000001,1100000000000000025,'机架底座焊接件',1.00,'件',0.00,'底座组件'),(5100000000000000007,5000000000000000001,1100000000000000031,'焊条J422',5.00,'公斤',5.00,'焊接材料'),(5100000000000000008,5000000000000000002,1100000000000000002,'Q345低合金钢板',0.80,'吨',3.00,'主体框架材料'),(5100000000000000009,5000000000000000002,1100000000000000005,'角钢',0.30,'吨',2.00,'加强筋材料'),(5100000000000000010,5000000000000000002,1100000000000000008,'六角螺栓M16*80',72.00,'个',1.00,'连接螺栓'),(5100000000000000011,5000000000000000002,1100000000000000009,'六角螺母M16',72.00,'个',1.00,'连接螺母'),(5100000000000000012,5000000000000000002,1100000000000000025,'机架底座焊接件',2.00,'件',0.00,'底座组件'),(5100000000000000013,5000000000000000002,1100000000000000031,'焊条J422',8.00,'公斤',5.00,'焊接材料'),(5100000000000000014,5000000000000000003,1100000000000000027,'传动轴',2.00,'根',0.00,'传动轴'),(5100000000000000015,5000000000000000003,1100000000000000011,'深沟球轴承6208',4.00,'个',0.00,'轴承'),(5100000000000000016,5000000000000000003,1100000000000000029,'轴承座组件',4.00,'套',0.00,'轴承座'),(5100000000000000017,5000000000000000003,1100000000000000028,'联轴器',2.00,'个',0.00,'联轴器'),(5100000000000000018,5000000000000000004,1100000000000000027,'传动轴',2.00,'根',0.00,'传动轴'),(5100000000000000019,5000000000000000004,1100000000000000011,'深沟球轴承6208',4.00,'个',0.00,'轴承'),(5100000000000000020,5000000000000000004,1100000000000000029,'轴承座组件',4.00,'套',0.00,'轴承座'),(5100000000000000021,5000000000000000005,1100000000000000004,'45#圆钢',0.05,'吨',2.00,'支撑柱材料'),(5100000000000000022,5000000000000000005,1100000000000000001,'Q235碳钢板',0.02,'吨',1.00,'底座板材料'),(5100000000000000023,5000000000000000005,1100000000000000031,'焊条J422',0.50,'公斤',5.00,'焊接材料');
/*!40000 ALTER TABLE `bom_item` ENABLE KEYS */;
UNLOCK TABLES;

--
-- Table structure for table `material_requisition`
--

DROP TABLE IF EXISTS `material_requisition`;
/*!40101 SET @saved_cs_client     = @@character_set_client */;
/*!50503 SET character_set_client = utf8mb4 */;
CREATE TABLE `material_requisition` (
  `id` bigint NOT NULL COMMENT '领料单ID',
  `requisition_no` varchar(50) NOT NULL COMMENT '领料单号',
  `work_order_id` bigint NOT NULL COMMENT '生产工单ID',
  `work_order_no` varchar(50) DEFAULT NULL COMMENT '工单编号',
  `warehouse_id` bigint NOT NULL COMMENT '出库仓库ID',
  `requisition_date` date NOT NULL COMMENT '领料日期',
  `status` tinyint DEFAULT '1' COMMENT '状态：1-待审批 2-已审批 3-已驳回 4-已出库',
  `approved_by` bigint DEFAULT NULL COMMENT '审批人ID',
  `approved_at` datetime DEFAULT NULL COMMENT '审批时间',
  `created_at` datetime DEFAULT CURRENT_TIMESTAMP COMMENT '创建时间',
  `created_by` bigint DEFAULT NULL COMMENT '创建人ID（领料人）',
  `updated_at` datetime DEFAULT CURRENT_TIMESTAMP ON UPDATE CURRENT_TIMESTAMP COMMENT '更新时间',
  `updated_by` bigint DEFAULT NULL COMMENT '更新人ID',
  PRIMARY KEY (`id`),
  UNIQUE KEY `requisition_no` (`requisition_no`),
  KEY `idx_work_order_id` (`work_order_id`),
  KEY `idx_warehouse_id` (`warehouse_id`),
  KEY `idx_status` (`status`),
  KEY `idx_approved_by` (`approved_by`)
) ENGINE=InnoDB DEFAULT CHARSET=utf8mb4 COLLATE=utf8mb4_0900_ai_ci COMMENT='领料单表';
/*!40101 SET character_set_client = @saved_cs_client */;

--
-- Dumping data for table `material_requisition`
--

LOCK TABLES `material_requisition` WRITE;
/*!40000 ALTER TABLE `material_requisition` DISABLE KEYS */;
INSERT INTO `material_requisition` VALUES (606699266580161462,'MR20260215-150542703001',5200000000000000005,'WO202502002',605718494289339318,'2026-02-17',2,7000000000000000000,'2026-02-15 18:17:20','2026-02-15 18:15:42',7000000000000000000,'2026-02-15 18:17:20',7000000000000000000),(5300000000000000001,'MR202501001',5200000000000000001,'WO202501001',4100000000000000001,'2025-01-08',3,7000000000000000012,'2026-02-15 13:41:27','2025-01-08 00:00:00',7000000000000000013,'2026-02-15 13:41:43',7000000000000000013),(5300000000000000002,'MR202501002',5200000000000000001,'WO202501001',4100000000000000002,'2025-01-08',3,7000000000000000012,'2026-02-15 13:41:27','2025-01-08 00:00:00',7000000000000000013,'2026-02-15 13:41:44',7000000000000000013),(5300000000000000003,'MR202501003',5200000000000000002,'WO202501002',4100000000000000001,'2025-01-13',3,7000000000000000012,'2026-02-15 13:41:27','2025-01-13 00:00:00',7000000000000000013,'2026-02-15 13:41:44',7000000000000000013),(5300000000000000004,'MR202502001',5200000000000000004,'WO202502001',4100000000000000001,'2025-01-28',2,7000000000000000012,'2026-02-15 13:41:27','2025-01-28 00:00:00',7000000000000000013,'2026-02-15 13:41:45',7000000000000000012),(5300000000000000005,'MR202502002',5200000000000000005,'WO202502002',4100000000000000004,'2025-02-01',2,7000000000000000012,'2026-02-15 13:41:27','2025-02-01 00:00:00',7000000000000000013,'2026-02-15 13:41:45',7000000000000000012);
/*!40000 ALTER TABLE `material_requisition` ENABLE KEYS */;
UNLOCK TABLES;

--
-- Table structure for table `material_requisition_item`
--

DROP TABLE IF EXISTS `material_requisition_item`;
/*!40101 SET @saved_cs_client     = @@character_set_client */;
/*!50503 SET character_set_client = utf8mb4 */;
CREATE TABLE `material_requisition_item` (
  `id` bigint NOT NULL COMMENT '领料明细ID',
  `requisition_id` bigint NOT NULL COMMENT '领料单ID',
  `material_id` bigint NOT NULL COMMENT '物料ID',
  `material_name` varchar(100) DEFAULT NULL COMMENT '物料名称',
  `plan_quantity` decimal(10,2) NOT NULL COMMENT '计划领用量',
  `actual_quantity` decimal(10,2) DEFAULT '0.00' COMMENT '实际领用量',
  `unit` varchar(20) DEFAULT NULL COMMENT '单位',
  `batch_no` varchar(50) DEFAULT NULL COMMENT '批次号',
  `remark` varchar(255) DEFAULT NULL COMMENT '备注',
  PRIMARY KEY (`id`),
  KEY `idx_requisition_id` (`requisition_id`),
  KEY `idx_material_id` (`material_id`)
) ENGINE=InnoDB DEFAULT CHARSET=utf8mb4 COLLATE=utf8mb4_0900_ai_ci COMMENT='领料单明细表';
/*!40101 SET character_set_client = @saved_cs_client */;

--
-- Dumping data for table `material_requisition_item`
--

LOCK TABLES `material_requisition_item` WRITE;
/*!40000 ALTER TABLE `material_requisition_item` DISABLE KEYS */;
INSERT INTO `material_requisition_item` VALUES (606699266798265270,606699266580161462,1100000000000000027,'传动轴',19.00,16.00,'根',NULL,'传动轴'),(606699266848596918,606699266580161462,1100000000000000011,'深沟球轴承6208',32.00,32.00,'个',NULL,'轴承'),(606699266882151350,606699266580161462,1100000000000000029,'轴承座组件',32.00,32.00,'套',NULL,'轴承座'),(5400000000000000001,5300000000000000001,1100000000000000001,'Q235碳钢板',2.60,2.50,'吨',NULL,'5台*0.5吨，含损耗'),(5400000000000000002,5300000000000000001,1100000000000000005,'角钢',1.05,1.00,'吨',NULL,'5台*0.2吨，含损耗'),(5400000000000000003,5300000000000000001,1100000000000000031,'焊条J422',26.00,25.00,'公斤',NULL,'5台*5公斤，含损耗'),(5400000000000000004,5300000000000000002,1100000000000000008,'六角螺栓M16*80',250.00,240.00,'个',NULL,'5台*48个，含损耗'),(5400000000000000005,5300000000000000002,1100000000000000009,'六角螺母M16',250.00,240.00,'个',NULL,'5台*48个，含损耗'),(5400000000000000006,5300000000000000002,1100000000000000010,'平垫圈16',500.00,480.00,'个',NULL,'5台*96个，含损耗'),(5400000000000000007,5300000000000000004,1100000000000000002,'Q345低合金钢板',1.70,0.00,'吨',NULL,'2台*0.8吨，含损耗'),(5400000000000000008,5300000000000000004,1100000000000000005,'角钢',0.65,0.00,'吨',NULL,'2台*0.3吨，含损耗');
/*!40000 ALTER TABLE `material_requisition_item` ENABLE KEYS */;
UNLOCK TABLES;

--
-- Table structure for table `work_order`
--

DROP TABLE IF EXISTS `work_order`;
/*!40101 SET @saved_cs_client     = @@character_set_client */;
/*!50503 SET character_set_client = utf8mb4 */;
CREATE TABLE `work_order` (
  `id` bigint NOT NULL COMMENT '工单ID',
  `order_no` varchar(50) NOT NULL COMMENT '工单编号',
  `product_id` bigint NOT NULL COMMENT '产品ID',
  `product_name` varchar(100) DEFAULT NULL COMMENT '产品名称',
  `bom_id` bigint DEFAULT NULL COMMENT '关联BOM ID',
  `quantity` decimal(10,2) NOT NULL COMMENT '生产数量',
  `completed_qty` decimal(10,2) DEFAULT '0.00' COMMENT '已完工数量',
  `qualified_qty` decimal(10,2) DEFAULT '0.00' COMMENT '合格数量',
  `defective_qty` decimal(10,2) DEFAULT '0.00' COMMENT '不良品数量',
  `warehouse_id` bigint DEFAULT NULL COMMENT '入库仓库ID',
  `status` tinyint DEFAULT '1' COMMENT '状态：1-未开工 2-已领料 3-生产中 4-已完工 5-已入库',
  `priority` tinyint DEFAULT '2' COMMENT '优先级：1-紧急 2-正常 3-低',
  `plan_start_date` date DEFAULT NULL COMMENT '计划开始日期',
  `plan_end_date` date DEFAULT NULL COMMENT '计划完成日期',
  `actual_start_date` date DEFAULT NULL COMMENT '实际开始日期',
  `actual_end_date` date DEFAULT NULL COMMENT '实际完成日期',
  `workshop` varchar(50) DEFAULT NULL COMMENT '生产车间',
  `remark` varchar(255) DEFAULT NULL COMMENT '备注',
  `created_at` datetime DEFAULT CURRENT_TIMESTAMP COMMENT '创建时间',
  `created_by` bigint DEFAULT NULL COMMENT '创建人ID',
  `updated_at` datetime DEFAULT CURRENT_TIMESTAMP ON UPDATE CURRENT_TIMESTAMP COMMENT '更新时间',
  `updated_by` bigint DEFAULT NULL COMMENT '更新人ID',
  PRIMARY KEY (`id`),
  UNIQUE KEY `order_no` (`order_no`),
  KEY `idx_product_id` (`product_id`),
  KEY `idx_status` (`status`),
  KEY `idx_plan_date` (`plan_start_date`,`plan_end_date`)
) ENGINE=InnoDB DEFAULT CHARSET=utf8mb4 COLLATE=utf8mb4_0900_ai_ci COMMENT='生产工单表';
/*!40101 SET character_set_client = @saved_cs_client */;

--
-- Dumping data for table `work_order`
--

LOCK TABLES `work_order` WRITE;
/*!40000 ALTER TABLE `work_order` DISABLE KEYS */;
INSERT INTO `work_order` VALUES (5200000000000000001,'WO202501001',1100000000000000015,'标准机架MF-2000',5000000000000000001,5.00,5.00,5.00,0.00,4100000000000000003,5,2,'2025-01-08','2025-01-10','2025-01-08','2025-01-10','机械加工车间','客户订单SO202501001','2025-01-08 00:00:00',7000000000000000012,'2025-01-10 00:00:00',7000000000000000012),(5200000000000000002,'WO202501002',1100000000000000015,'标准机架MF-2000',5000000000000000001,3.00,3.00,3.00,0.00,4100000000000000003,5,2,'2025-01-13','2025-01-15','2025-01-13','2025-01-15','机械加工车间','客户订单SO202501002','2025-01-13 00:00:00',7000000000000000012,'2025-01-15 00:00:00',7000000000000000012),(5200000000000000003,'WO202501003',1100000000000000018,'链条传动装置CT-200',5000000000000000003,10.00,10.00,10.00,0.00,4100000000000000003,5,2,'2025-01-20','2025-01-25','2025-01-20','2025-01-25','装配车间','补充库存','2025-01-20 00:00:00',7000000000000000012,'2025-01-25 00:00:00',7000000000000000012),(5200000000000000004,'WO202502001',1100000000000000016,'重型机架HF-3000',5000000000000000002,2.00,1.00,0.00,0.00,4100000000000000003,3,1,'2025-01-28','2025-02-05','2025-01-28',NULL,'机械加工车间','客户订单SO202502001-紧急','2025-01-27 00:00:00',7000000000000000012,'2025-01-29 00:00:00',7000000000000000012),(5200000000000000005,'WO202502002',1100000000000000019,'皮带传动装置BT-150',5000000000000000004,8.00,0.00,0.00,0.00,4100000000000000003,2,2,'2025-02-01','2025-02-08','2025-02-01',NULL,'装配车间','客户订单SO202502002','2025-01-30 00:00:00',7000000000000000012,'2025-02-01 00:00:00',7000000000000000012),(5200000000000000006,'WO202502003',1100000000000000021,'可调支撑架AS-100',5000000000000000005,20.00,0.00,0.00,0.00,4100000000000000003,1,2,'2025-02-11','2025-02-15',NULL,NULL,'机械加工车间','补充库存','2025-01-31 00:00:00',7000000000000000013,'2026-02-14 23:43:56',7000000000000000000),(5200000000000000007,'WO202502004',1100000000000000015,'标准机架MF-2000',5000000000000000001,5.00,0.00,0.00,0.00,4100000000000000003,1,3,'2025-02-12','2025-02-18',NULL,NULL,'机械加工车间','客户订单SO202502003','2025-01-31 00:00:00',7000000000000000013,'2025-01-31 00:00:00',7000000000000000013);
/*!40000 ALTER TABLE `work_order` ENABLE KEYS */;
UNLOCK TABLES;

--
-- Dumping events for database 'erp_production'
--

--
-- Dumping routines for database 'erp_production'
--
/*!40103 SET TIME_ZONE=@OLD_TIME_ZONE */;

/*!40101 SET SQL_MODE=@OLD_SQL_MODE */;
/*!40014 SET FOREIGN_KEY_CHECKS=@OLD_FOREIGN_KEY_CHECKS */;
/*!40014 SET UNIQUE_CHECKS=@OLD_UNIQUE_CHECKS */;
/*!40101 SET CHARACTER_SET_CLIENT=@OLD_CHARACTER_SET_CLIENT */;
/*!40101 SET CHARACTER_SET_RESULTS=@OLD_CHARACTER_SET_RESULTS */;
/*!40101 SET COLLATION_CONNECTION=@OLD_COLLATION_CONNECTION */;
/*!40111 SET SQL_NOTES=@OLD_SQL_NOTES */;

-- Dump completed on 2026-04-10 21:53:57
