-- MySQL dump 10.13  Distrib 8.0.32, for Win64 (x86_64)
--
-- Host: localhost    Database: erp_inventory
-- ------------------------------------------------------
-- Server version	8.0.32

/*!40101 SET @OLD_CHARACTER_SET_CLIENT=@@CHARACTER_SET_CLIENT */;
/*!40101 SET @OLD_CHARACTER_SET_RESULTS=@@CHARACTER_SET_RESULTS */;
/*!40101 SET @OLD_COLLATION_CONNECTION=@@COLLATION_CONNECTION */;
/*!50503 SET NAMES utf8mb4 */;
/*!40103 SET @OLD_TIME_ZONE=@@TIME_ZONE */;
/*!40103 SET TIME_ZONE='+00:00' */;
/*!40014 SET @OLD_UNIQUE_CHECKS=@@UNIQUE_CHECKS, UNIQUE_CHECKS=0 */;
/*!40014 SET @OLD_FOREIGN_KEY_CHECKS=@@FOREIGN_KEY_CHECKS, FOREIGN_KEY_CHECKS=0 */;
/*!40101 SET @OLD_SQL_MODE=@@SQL_MODE, SQL_MODE='NO_AUTO_VALUE_ON_ZERO' */;
/*!40111 SET @OLD_SQL_NOTES=@@SQL_NOTES, SQL_NOTES=0 */;

--
-- Current Database: `erp_inventory`
--

/*!40000 DROP DATABASE IF EXISTS `erp_inventory`*/;

CREATE DATABASE /*!32312 IF NOT EXISTS*/ `erp_inventory` /*!40100 DEFAULT CHARACTER SET utf8mb4 COLLATE utf8mb4_0900_ai_ci */ /*!80016 DEFAULT ENCRYPTION='N' */;

USE `erp_inventory`;

--
-- Table structure for table `inventory`
--

DROP TABLE IF EXISTS `inventory`;
/*!40101 SET @saved_cs_client     = @@character_set_client */;
/*!50503 SET character_set_client = utf8mb4 */;
CREATE TABLE `inventory` (
  `inventory_id` bigint NOT NULL COMMENT '库存ID',
  `product_id` bigint NOT NULL COMMENT '商品ID',
  `warehouse_id` bigint NOT NULL COMMENT '仓库编号',
  `current_stock` decimal(12,2) DEFAULT '0.00' COMMENT '当前库存',
  `safety_stock` decimal(12,2) DEFAULT '0.00' COMMENT '安全库存',
  `locked_stock` decimal(12,2) DEFAULT '0.00' COMMENT '锁定库存',
  PRIMARY KEY (`inventory_id`),
  UNIQUE KEY `uk_product_warehouse` (`product_id`,`warehouse_id`),
  KEY `idx_product_warehouse` (`product_id`,`warehouse_id`),
  KEY `idx_warehouse_no` (`warehouse_id`)
) ENGINE=InnoDB DEFAULT CHARSET=utf8mb4 COLLATE=utf8mb4_0900_ai_ci;
/*!40101 SET character_set_client = @saved_cs_client */;

--
-- Dumping data for table `inventory`
--

LOCK TABLES `inventory` WRITE;
/*!40000 ALTER TABLE `inventory` DISABLE KEYS */;
INSERT INTO `inventory` VALUES (4200000000000000001,1100000000000000001,4100000000000000001,28.50,10.00,5.00),(4200000000000000002,1100000000000000002,4100000000000000001,18.30,8.00,3.00),(4200000000000000003,1100000000000000003,4100000000000000001,8.60,5.00,1.50),(4200000000000000004,1100000000000000004,4100000000000000001,12.80,5.00,2.00),(4200000000000000005,1100000000000000005,4100000000000000001,15.20,6.00,2.50),(4200000000000000006,1100000000000000006,4100000000000000001,6.50,3.00,1.00),(4200000000000000007,1100000000000000007,4100000000000000001,3.20,2.00,0.50),(4200000000000000008,1100000000000000008,4100000000000000002,5000.00,1000.00,200.00),(4200000000000000009,1100000000000000009,4100000000000000002,8000.00,1500.00,300.00),(4200000000000000010,1100000000000000010,4100000000000000002,12000.00,2000.00,500.00),(4200000000000000011,1100000000000000011,4100000000000000002,85.00,20.00,5.00),(4200000000000000012,1100000000000000012,4100000000000000002,65.00,15.00,3.00),(4200000000000000013,1100000000000000013,4100000000000000002,500.00,100.00,20.00),(4200000000000000014,1100000000000000014,4100000000000000002,150.00,30.00,10.00),(4200000000000000015,1100000000000000015,4100000000000000003,12.00,5.00,2.00),(4200000000000000016,1100000000000000016,4100000000000000003,8.00,3.00,1.00),(4200000000000000017,1100000000000000017,4100000000000000003,15.00,5.00,3.00),(4200000000000000018,1100000000000000018,4100000000000000003,20.00,8.00,4.00),(4200000000000000019,1100000000000000019,4100000000000000003,25.00,10.00,5.00),(4200000000000000020,1100000000000000020,4100000000000000003,10.00,4.00,2.00),(4200000000000000021,1100000000000000021,4100000000000000003,50.00,20.00,8.00),(4200000000000000022,1100000000000000022,4100000000000000003,30.00,10.00,5.00),(4200000000000000023,1100000000000000023,4100000000000000003,80.00,30.00,10.00),(4200000000000000024,1100000000000000024,4100000000000000003,60.00,25.00,8.00),(4200000000000000025,1100000000000000025,4100000000000000004,18.00,8.00,3.00),(4200000000000000026,1100000000000000026,4100000000000000004,35.00,15.00,5.00),(4200000000000000027,1100000000000000027,4100000000000000004,120.00,50.00,20.00),(4200000000000000028,1100000000000000028,4100000000000000004,85.00,30.00,10.00),(4200000000000000029,1100000000000000029,4100000000000000004,45.00,20.00,8.00),(4200000000000000030,1100000000000000030,4100000000000000004,25.00,10.00,4.00),(4200000000000000031,1100000000000000031,4100000000000000005,500.00,100.00,20.00),(4200000000000000032,1100000000000000032,4100000000000000005,200.00,50.00,10.00),(4200000000000000033,1100000000000000033,4100000000000000005,150.00,40.00,8.00);
/*!40000 ALTER TABLE `inventory` ENABLE KEYS */;
UNLOCK TABLES;

--
-- Table structure for table `inventory_transaction`
--

DROP TABLE IF EXISTS `inventory_transaction`;
/*!40101 SET @saved_cs_client     = @@character_set_client */;
/*!50503 SET character_set_client = utf8mb4 */;
CREATE TABLE `inventory_transaction` (
  `id` bigint NOT NULL COMMENT '流水ID',
  `product_id` bigint NOT NULL COMMENT '商品ID',
  `warehouse_id` bigint NOT NULL COMMENT '仓库编号',
  `batch_id` bigint DEFAULT NULL COMMENT '关联的批次号',
  `transaction_type` tinyint NOT NULL COMMENT '类型: 1-in 2-out 3-盘点调整',
  `quantity` decimal(12,2) NOT NULL COMMENT '数量',
  `reference_type` tinyint NOT NULL COMMENT '业务类型： 1-采购 2-销售 3-生产 4-盘盈 5-盘亏',
  `reference_id` varchar(50) DEFAULT NULL COMMENT '业务单号，仅12，3生产批次号',
  `operator_id` bigint NOT NULL COMMENT '操作人员',
  `created_at` datetime DEFAULT CURRENT_TIMESTAMP COMMENT '交易时间',
  PRIMARY KEY (`id`),
  KEY `idx_product_warehouse` (`product_id`,`warehouse_id`),
  KEY `idx_reference` (`reference_type`,`reference_id`),
  KEY `idx_created_at` (`created_at`)
) ENGINE=InnoDB DEFAULT CHARSET=utf8mb4 COLLATE=utf8mb4_0900_ai_ci;
/*!40101 SET character_set_client = @saved_cs_client */;

--
-- Dumping data for table `inventory_transaction`
--

LOCK TABLES `inventory_transaction` WRITE;
/*!40000 ALTER TABLE `inventory_transaction` DISABLE KEYS */;
INSERT INTO `inventory_transaction` VALUES (605696033791419318,1100000000000000001,4100000000000000001,NULL,3,3.00,4,NULL,7000000000000000000,'2026-02-08 20:09:29'),(4300000000000000001,1100000000000000001,4100000000000000001,NULL,1,10.00,1,'PO202501001',7000000000000000011,'2025-01-05 09:00:00'),(4300000000000000002,1100000000000000008,4100000000000000002,NULL,1,2000.00,1,'PO202501002',7000000000000000011,'2025-01-06 10:00:00'),(4300000000000000003,1100000000000000009,4100000000000000002,NULL,1,3000.00,1,'PO202501002',7000000000000000011,'2025-01-06 10:30:00'),(4300000000000000004,1100000000000000015,4100000000000000003,1200000000000000001,1,5.00,3,'WO202501001',7000000000000000011,'2025-01-10 16:00:00'),(4300000000000000005,1100000000000000015,4100000000000000003,1200000000000000002,1,3.00,3,'WO202501002',7000000000000000011,'2025-01-15 16:00:00'),(4300000000000000006,1100000000000000015,4100000000000000003,1200000000000000001,2,2.00,2,'SO202501001',7000000000000000011,'2025-01-12 14:00:00'),(4300000000000000007,1100000000000000018,4100000000000000003,1200000000000000004,2,3.00,2,'SO202501002',7000000000000000011,'2025-01-26 15:00:00'),(4300000000000000008,1100000000000000001,4100000000000000001,NULL,2,2.50,3,'MR202501001',7000000000000000011,'2025-01-08 11:00:00'),(4300000000000000009,1100000000000000008,4100000000000000002,NULL,2,100.00,3,'MR202501002',7000000000000000011,'2025-01-09 11:30:00');
/*!40000 ALTER TABLE `inventory_transaction` ENABLE KEYS */;
UNLOCK TABLES;

--
-- Table structure for table `warehouse`
--

DROP TABLE IF EXISTS `warehouse`;
/*!40101 SET @saved_cs_client     = @@character_set_client */;
/*!50503 SET character_set_client = utf8mb4 */;
CREATE TABLE `warehouse` (
  `id` bigint NOT NULL COMMENT '主键ID，雪花',
  `no` varchar(255) CHARACTER SET utf8mb4 COLLATE utf8mb4_0900_ai_ci DEFAULT NULL COMMENT '仓库编号',
  `name` varchar(50) NOT NULL COMMENT '仓库名称',
  `location` varchar(200) DEFAULT NULL COMMENT '仓库位置',
  `manager_id` bigint DEFAULT NULL COMMENT '仓库管理员ID',
  `capacity` decimal(12,2) DEFAULT NULL COMMENT '仓储容量',
  `is_active` tinyint(1) DEFAULT '1' COMMENT '是否启用:1-启用 2-禁用',
  `created_at` datetime DEFAULT CURRENT_TIMESTAMP COMMENT '创建时间',
  `created_by` bigint DEFAULT NULL COMMENT '创建人ID',
  `updated_at` datetime DEFAULT CURRENT_TIMESTAMP ON UPDATE CURRENT_TIMESTAMP COMMENT '更新时间',
  `updated_by` bigint DEFAULT NULL COMMENT '更新人ID',
  PRIMARY KEY (`id`)
) ENGINE=InnoDB DEFAULT CHARSET=utf8mb4 COLLATE=utf8mb4_0900_ai_ci;
/*!40101 SET character_set_client = @saved_cs_client */;

--
-- Dumping data for table `warehouse`
--

LOCK TABLES `warehouse` WRITE;
/*!40000 ALTER TABLE `warehouse` DISABLE KEYS */;
INSERT INTO `warehouse` VALUES (605718494289339318,'WH20260208-565956863003','test','D',7000000000000000010,100.00,2,'2026-02-08 23:52:36',7000000000000000000,'2026-02-08 23:59:16',7000000000000000000),(4100000000000000001,'WH001','原材料仓库','A区1号仓库',7000000000000000010,5000.00,1,'2023-01-01 08:00:00',7000000000000000011,'2023-01-01 08:00:00',7000000000000000011),(4100000000000000002,'WH002','标准件仓库','A区2号仓库',7000000000000000011,3000.00,1,'2023-01-01 08:00:00',7000000000000000011,'2023-01-01 08:00:00',7000000000000000011),(4100000000000000003,'WH003','成品仓库','B区1号仓库',7000000000000000010,8000.00,1,'2023-01-01 08:00:00',7000000000000000011,'2023-01-01 08:00:00',7000000000000000011),(4100000000000000004,'WH004','半成品仓库','B区2号仓库',7000000000000000011,4000.00,1,'2023-01-01 08:00:00',7000000000000000011,'2023-01-01 08:00:00',7000000000000000011),(4100000000000000005,'WH005','辅助材料仓库','C区1号仓库',7000000000000000011,2000.00,1,'2023-01-01 08:00:00',7000000000000000011,'2023-01-01 08:00:00',7000000000000000011);
/*!40000 ALTER TABLE `warehouse` ENABLE KEYS */;
UNLOCK TABLES;

--
-- Dumping events for database 'erp_inventory'
--

--
-- Dumping routines for database 'erp_inventory'
--
/*!40103 SET TIME_ZONE=@OLD_TIME_ZONE */;

/*!40101 SET SQL_MODE=@OLD_SQL_MODE */;
/*!40014 SET FOREIGN_KEY_CHECKS=@OLD_FOREIGN_KEY_CHECKS */;
/*!40014 SET UNIQUE_CHECKS=@OLD_UNIQUE_CHECKS */;
/*!40101 SET CHARACTER_SET_CLIENT=@OLD_CHARACTER_SET_CLIENT */;
/*!40101 SET CHARACTER_SET_RESULTS=@OLD_CHARACTER_SET_RESULTS */;
/*!40101 SET COLLATION_CONNECTION=@OLD_COLLATION_CONNECTION */;
/*!40111 SET SQL_NOTES=@OLD_SQL_NOTES */;

-- Dump completed on 2026-04-10 21:53:56
