-- MySQL dump 10.13  Distrib 8.0.32, for Win64 (x86_64)
--
-- Host: localhost    Database: erp_auth
-- ------------------------------------------------------
-- Server version	8.0.32

/*!40101 SET @OLD_CHARACTER_SET_CLIENT=@@CHARACTER_SET_CLIENT */;
/*!40101 SET @OLD_CHARACTER_SET_RESULTS=@@CHARACTER_SET_RESULTS */;
/*!40101 SET @OLD_COLLATION_CONNECTION=@@COLLATION_CONNECTION */;
/*!50503 SET NAMES utf8mb4 */;
/*!40103 SET @OLD_TIME_ZONE=@@TIME_ZONE */;
/*!40103 SET TIME_ZONE='+00:00' */;
/*!40014 SET @OLD_UNIQUE_CHECKS=@@UNIQUE_CHECKS, UNIQUE_CHECKS=0 */;
/*!40014 SET @OLD_FOREIGN_KEY_CHECKS=@@FOREIGN_KEY_CHECKS, FOREIGN_KEY_CHECKS=0 */;
/*!40101 SET @OLD_SQL_MODE=@@SQL_MODE, SQL_MODE='NO_AUTO_VALUE_ON_ZERO' */;
/*!40111 SET @OLD_SQL_NOTES=@@SQL_NOTES, SQL_NOTES=0 */;

--
-- Current Database: `erp_auth`
--

/*!40000 DROP DATABASE IF EXISTS `erp_auth`*/;

CREATE DATABASE /*!32312 IF NOT EXISTS*/ `erp_auth` /*!40100 DEFAULT CHARACTER SET utf8mb4 COLLATE utf8mb4_0900_ai_ci */ /*!80016 DEFAULT ENCRYPTION='N' */;

USE `erp_auth`;

--
-- Table structure for table `permission`
--

DROP TABLE IF EXISTS `permission`;
/*!40101 SET @saved_cs_client     = @@character_set_client */;
/*!50503 SET character_set_client = utf8mb4 */;
CREATE TABLE `permission` (
  `id` bigint NOT NULL COMMENT '主键ID，雪花',
  `parent_id` bigint NOT NULL DEFAULT '0' COMMENT '父级权限ID。0：根节点',
  `code` varchar(255) DEFAULT NULL COMMENT '权限代码',
  `description` varchar(255) DEFAULT NULL COMMENT '权限描述/名称',
  `url` varchar(255) DEFAULT NULL,
  `method` varchar(10) DEFAULT NULL,
  PRIMARY KEY (`id`)
) ENGINE=InnoDB DEFAULT CHARSET=utf8mb4 COLLATE=utf8mb4_0900_ai_ci;
/*!40101 SET character_set_client = @saved_cs_client */;

--
-- Dumping data for table `permission`
--

LOCK TABLES `permission` WRITE;
/*!40000 ALTER TABLE `permission` DISABLE KEYS */;
INSERT INTO `permission` VALUES (1000000000000000001,0,'auth','权限管理','',''),(1000000000000000002,0,'user','用户管理','',''),(1000000000000000003,0,'customer','客户管理','',''),(1000000000000000004,0,'supplier','供应商管理','',''),(1000000000000000005,0,'product','产品管理','',''),(1000000000000000006,0,'inventory','库存管理','',''),(1000000000000000007,0,'purchase','采购管理','',''),(1000000000000000008,0,'sale','销售管理','',''),(1000000000000000009,0,'production','生产管理','',''),(1000000000000000010,0,'hr','人力资源','',''),(1000000000000000011,0,'finance','财务管理','',''),(1000000000000000012,0,'image','图片管理','',''),(2000000000000000001,1000000000000000001,'auth:permission:list','查看权限列表','/api/v1/permission/all','GET'),(2000000000000000002,1000000000000000001,'auth:role:create','创建角色','/api/v1/role','POST'),(2000000000000000003,1000000000000000001,'auth:role:update','更新角色','/api/v1/role','PUT'),(2000000000000000004,1000000000000000001,'auth:role:delete','删除角色','/api/v1/role/{id}','DELETE'),(2000000000000000005,1000000000000000001,'auth:role:list','查看角色列表','/api/v1/role/search','GET'),(2000000000000000006,1000000000000000001,'auth:role_permission:assign','分配角色权限','/api/v1/rolePermission','POST'),(2000000000000000007,1000000000000000001,'auth:role_permission:update','更新角色权限','/api/v1/rolePermission','PUT'),(2000000000000000008,1000000000000000001,'auth:role_permission:delete','删除角色权限','/api/v1/rolePermission/{id}','DELETE'),(2000000000000000009,1000000000000000001,'auth:role_permission:detail','查看角色权限详情','/api/v1/rolePermission/{roleId}','GET'),(2000000000000000010,1000000000000000001,'auth:role_permission:list','查看角色权限列表','/api/v1/rolePermission/search','GET'),(2000000000000000011,1000000000000000001,'auth:user_role:assign','分配用户角色','/api/v1/userRole','POST'),(2000000000000000012,1000000000000000001,'auth:user_role:update','更新用户角色','/api/v1/userRole','PUT'),(2000000000000000013,1000000000000000001,'auth:user_role:delete','删除用户角色','/api/v1/userRole/{id}','DELETE'),(2000000000000000014,1000000000000000001,'auth:user_role:list','查看用户角色','/api/v1/userRole/{user_id}','GET'),(2000000000000000020,1000000000000000002,'user:info','获取当前用户信息','/api/v1/user','GET'),(2000000000000000021,1000000000000000002,'user:password:change','修改密码','/api/v1/user/updatePassword','PUT'),(2000000000000000022,1000000000000000002,'user:list','查看用户列表','/api/v1/user/search','GET'),(2000000000000000023,1000000000000000002,'user:detail','查看用户详情','/api/v1/user/{id}','GET'),(2000000000000000024,1000000000000000002,'user:update','更新用户','/api/v1/user','PUT'),(2000000000000000025,1000000000000000002,'user:password:reset','重置用户密码','/api/v1/user/forgotPassword','POST'),(2000000000000000026,1000000000000000002,'user:sendVerifyCode','发送验证码','/api/v1/user/sendVerifyCode','POST'),(2000000000000000027,1000000000000000002,'user:avatar:upload','上传用户头像','/api/v1/user/uploadAvatar','PUT'),(2000000000000000030,1000000000000000003,'customer:category:list','查看客户分类列表','/api/v1/customerCategory/search','GET'),(2000000000000000031,1000000000000000003,'customer:category:detail','查看客户分类详情','/api/v1/customerCategory/{id}','GET'),(2000000000000000032,1000000000000000003,'customer:category:create','创建客户分类','/api/v1/customerCategory','POST'),(2000000000000000033,1000000000000000003,'customer:category:update','更新客户分类','/api/v1/customerCategory','PUT'),(2000000000000000034,1000000000000000003,'customer:category:delete','删除客户分类','/api/v1/customerCategory/{id}','DELETE'),(2000000000000000035,1000000000000000003,'customer:list','查看客户列表','/api/v1/customer/search','GET'),(2000000000000000036,1000000000000000003,'customer:detail','查看客户详情','/api/v1/customer/{id}','GET'),(2000000000000000037,1000000000000000003,'customer:create','创建客户','/api/v1/customer','POST'),(2000000000000000038,1000000000000000003,'customer:update','更新客户','/api/v1/customer','PUT'),(2000000000000000039,1000000000000000003,'customer:delete','删除客户','/api/v1/customer/{id}','DELETE'),(2000000000000000040,1000000000000000003,'customer:survey:list','查看满意度调查','/api/v1/satisfaction/search','GET'),(2000000000000000041,1000000000000000003,'customer:survey:detail','查看调查详情','/api/v1/satisfaction/{id}','GET'),(2000000000000000042,1000000000000000003,'customer:survey:create','创建满意度调查','/api/v1/satisfaction','POST'),(2000000000000000050,1000000000000000004,'supplier:list','查看供应商列表','/api/v1/supplier/search','GET'),(2000000000000000051,1000000000000000004,'supplier:detail','查看供应商详情','/api/v1/supplier/{id}','GET'),(2000000000000000052,1000000000000000004,'supplier:create','创建供应商','/api/v1/supplier','POST'),(2000000000000000053,1000000000000000004,'supplier:update','更新供应商','/api/v1/supplier','PUT'),(2000000000000000054,1000000000000000004,'supplier:delete','删除供应商','/api/v1/supplier/{id}','DELETE'),(2000000000000000055,1000000000000000004,'supplier:evaluation:list','查看供应商评估','/api/v1/supplierEvaluation/search','GET'),(2000000000000000056,1000000000000000004,'supplier:evaluation:detail','查看评估详情','/api/v1/supplierEvaluation/{id}','GET'),(2000000000000000057,1000000000000000004,'supplier:evaluation:create','创建供应商评估','/api/v1/supplierEvaluation','POST'),(2000000000000000058,1000000000000000004,'supplier:evaluation:update','更新供应商评估','/api/v1/supplierEvaluation','PUT'),(2000000000000000060,1000000000000000005,'product:category:list','查看产品分类列表','/api/v1/productCategory/list','GET'),(2000000000000000061,1000000000000000005,'product:category:detail','查看产品分类详情','/api/v1/productCategory/{id}','GET'),(2000000000000000062,1000000000000000005,'product:category:create','创建产品分类','/api/v1/productCategory','POST'),(2000000000000000063,1000000000000000005,'product:category:update','更新产品分类','/api/v1/productCategory','PUT'),(2000000000000000064,1000000000000000005,'product:category:delete','删除产品分类','/api/v1/productCategory/{id}','DELETE'),(2000000000000000065,1000000000000000005,'product:list','查看产品列表','/api/v1/product/list','GET'),(2000000000000000066,1000000000000000005,'product:detail','查看产品详情','/api/v1/product/{id}','GET'),(2000000000000000067,1000000000000000005,'product:create','创建产品','/api/v1/product','POST'),(2000000000000000068,1000000000000000005,'product:update','更新产品','/api/v1/product','PUT'),(2000000000000000069,1000000000000000005,'product:delete','删除产品','/api/v1/product/{id}','DELETE'),(2000000000000000070,1000000000000000005,'product:batch:list','查看产品批次','/api/v1/productBatch/search','GET'),(2000000000000000071,1000000000000000005,'product:batch:detail','查看批次详情','/api/v1/productBatch/{id}','GET'),(2000000000000000072,1000000000000000005,'product:batch:create','创建产品批次','/api/v1/productBatch','POST'),(2000000000000000080,1000000000000000006,'inventory:warehouse:list','查看仓库列表','/api/v1/warehouse/list','GET'),(2000000000000000081,1000000000000000006,'inventory:warehouse:detail','查看仓库详情','/api/v1/warehouse/{id}','GET'),(2000000000000000082,1000000000000000006,'inventory:warehouse:create','创建仓库','/api/v1/warehouse','POST'),(2000000000000000083,1000000000000000006,'inventory:warehouse:update','更新仓库','/api/v1/warehouse','PUT'),(2000000000000000084,1000000000000000006,'inventory:warehouse:delete','删除仓库','/api/v1/warehouse/{id}','DELETE'),(2000000000000000085,1000000000000000006,'inventory:list','查看库存列表','/api/v1/inventory/list','GET'),(2000000000000000086,1000000000000000006,'inventory:detail','查看库存详情','/api/v1/inventory/{id}','GET'),(2000000000000000087,1000000000000000006,'inventory:adjust','调整库存','/api/v1/inventory/adjust','POST'),(2000000000000000088,1000000000000000006,'inventory:transaction:list','查看库存流水','/api/v1/inventory/transactions','GET'),(2000000000000000089,1000000000000000006,'inventory:transaction:detail','查看流水详情','/api/v1/inventory/transactions/{id}','GET'),(2000000000000000090,1000000000000000007,'purchase:requisition:list','查看采购申请列表','/api/v1/purchase/requisitions','GET'),(2000000000000000091,1000000000000000007,'purchase:requisition:detail','查看采购申请详情','/api/v1/purchase/requisitions/{id}','GET'),(2000000000000000092,1000000000000000007,'purchase:requisition:create','创建采购申请','/api/v1/purchase/requisitions','POST'),(2000000000000000093,1000000000000000007,'purchase:requisition:update','更新采购申请','/api/v1/purchase/requisitions/{id}','PUT'),(2000000000000000094,1000000000000000007,'purchase:requisition:delete','删除采购申请','/api/v1/purchase/requisitions/{id}','DELETE'),(2000000000000000095,1000000000000000007,'purchase:requisition:approve','审批采购申请','/api/v1/purchase/requisitions/approve','POST'),(2000000000000000096,1000000000000000007,'purchase:order:list','查看采购订单列表','/api/v1/purchase/order/search','GET'),(2000000000000000097,1000000000000000007,'purchase:order:detail','查看采购订单详情','/api/v1/purchase/order/{orderId}','GET'),(2000000000000000098,1000000000000000007,'purchase:order:create','创建采购订单','/api/v1/purchase/order','POST'),(2000000000000000099,1000000000000000007,'purchase:order:update','更新采购订单','/api/v1/purchase/order','PUT'),(2000000000000000100,1000000000000000007,'purchase:order:delete','删除采购订单','/api/v1/purchase/order/{id}','DELETE'),(2000000000000000101,1000000000000000007,'purchase:receipt:list','查看采购入库列表','/api/v1/purchase/receipt/search','GET'),(2000000000000000102,1000000000000000007,'purchase:receipt:detail','查看采购入库详情','/api/v1/purchase/receipt/{receiptId}','GET'),(2000000000000000103,1000000000000000007,'purchase:receipt:create','创建采购入库单','/api/v1/purchase/receipt/create','POST'),(2000000000000000104,1000000000000000007,'purchase:contract:upload','上传采购合同','/api/v1/purchase/order/upload/{id}','POST'),(2000000000000000110,1000000000000000008,'sale:order:list','查看销售订单列表','/api/v1/salesOrder/search','GET'),(2000000000000000111,1000000000000000008,'sale:order:detail','查看销售订单详情','/api/v1/salesOrder/{id}','GET'),(2000000000000000112,1000000000000000008,'sale:order:create','创建销售订单','/api/v1/salesOrder','POST'),(2000000000000000113,1000000000000000008,'sale:order:update','更新销售订单','/api/v1/salesOrder','PUT'),(2000000000000000114,1000000000000000008,'sale:order:delete','删除销售订单','/api/v1/salesOrder/{id}','DELETE'),(2000000000000000115,1000000000000000008,'sale:delivery:list','查看销售出库列表','/api/v1/salesDelivery/search','GET'),(2000000000000000116,1000000000000000008,'sale:delivery:detail','查看销售出库详情','/api/v1/salesDelivery/{id}','GET'),(2000000000000000117,1000000000000000008,'sale:delivery:create','创建销售出库单','/api/v1/salesDelivery','POST'),(2000000000000000118,1000000000000000008,'sale:delivery:update','更新销售出库单','/api/v1/salesDelivery','PUT'),(2000000000000000119,1000000000000000008,'sale:contract:upload','上传销售合同','/api/v1/salesOrder/upload','POST'),(2000000000000000120,1000000000000000009,'production:bom:list','查看BOM列表','/api/v1/production/boms','GET'),(2000000000000000121,1000000000000000009,'production:bom:detail','查看BOM详情','/api/v1/production/boms/{id}','GET'),(2000000000000000122,1000000000000000009,'production:bom:create','创建BOM','/api/v1/production/boms','POST'),(2000000000000000123,1000000000000000009,'production:bom:update','更新BOM','/api/v1/production/boms/{id}','PUT'),(2000000000000000124,1000000000000000009,'production:bom:delete','删除BOM','/api/v1/production/boms/{id}','DELETE'),(2000000000000000125,1000000000000000009,'production:workorder:list','查看生产工单列表','/api/v1/production/work-orders','GET'),(2000000000000000126,1000000000000000009,'production:workorder:detail','查看生产工单详情','/api/v1/production/work-orders/{id}','GET'),(2000000000000000127,1000000000000000009,'production:workorder:create','创建生产工单','/api/v1/production/work-orders','POST'),(2000000000000000128,1000000000000000009,'production:workorder:update','更新生产工单','/api/v1/production/work-orders/{id}','PUT'),(2000000000000000129,1000000000000000009,'production:workorder:delete','删除生产工单','/api/v1/production/work-orders/{id}','DELETE'),(2000000000000000130,1000000000000000009,'production:requisition:list','查看领料单列表','/api/v1/production/requisitions','GET'),(2000000000000000131,1000000000000000009,'production:requisition:detail','查看领料单详情','/api/v1/production/requisitions/{id}','GET'),(2000000000000000132,1000000000000000009,'production:requisition:create','创建领料单','/api/v1/production/requisitions','POST'),(2000000000000000133,1000000000000000009,'production:requisition:update','更新领料单','/api/v1/production/requisitions/{id}','PUT'),(2000000000000000140,1000000000000000010,'hr:department:list','查看部门列表','/api/v1/department/list','GET'),(2000000000000000141,1000000000000000010,'hr:department:detail','查看部门详情','/api/v1/department/{id}','GET'),(2000000000000000142,1000000000000000010,'hr:department:create','创建部门','/api/v1/department','POST'),(2000000000000000143,1000000000000000010,'hr:department:update','更新部门','/api/v1/department','PUT'),(2000000000000000144,1000000000000000010,'hr:department:delete','删除部门','/api/v1/department/{id}','DELETE'),(2000000000000000145,1000000000000000010,'hr:position:list','查看岗位列表','/api/v1/position/list','GET'),(2000000000000000146,1000000000000000010,'hr:position:detail','查看岗位详情','/api/v1/position/{id}','GET'),(2000000000000000147,1000000000000000010,'hr:position:create','创建岗位','/api/v1/position','POST'),(2000000000000000148,1000000000000000010,'hr:position:update','更新岗位','/api/v1/position','PUT'),(2000000000000000149,1000000000000000010,'hr:position:delete','删除岗位','/api/v1/position/{id}','DELETE'),(2000000000000000150,1000000000000000010,'hr:employee:list','查看员工列表','/api/v1/employeeDetail/list','GET'),(2000000000000000151,1000000000000000010,'hr:employee:detail','查看员工详情','/api/v1/employeeDetail/{id}','GET'),(2000000000000000152,1000000000000000010,'hr:employee:create','创建员工','/api/v1/employeeDetail','POST'),(2000000000000000153,1000000000000000010,'hr:employee:update','更新员工','/api/v1/employeeDetail','PUT'),(2000000000000000154,1000000000000000010,'hr:employee:delete','删除员工','/api/v1/employeeDetail/{id}','DELETE'),(2000000000000000155,1000000000000000010,'hr:attendance:list','查看考勤列表','/api/v1/attendance/search','GET'),(2000000000000000156,1000000000000000010,'hr:attendance:detail','查看考勤详情','/api/v1/attendance/{id}','GET'),(2000000000000000157,1000000000000000010,'hr:attendance:create','考勤打卡','/api/v1/attendance/clock','POST'),(2000000000000000158,1000000000000000010,'hr:leave:list','查看请假列表','/api/v1/leave/list','GET'),(2000000000000000159,1000000000000000010,'hr:leave:detail','查看请假详情','/api/v1/leave/{id}','GET'),(2000000000000000160,1000000000000000010,'hr:leave:create','提交请假申请','/api/v1/leave','POST'),(2000000000000000161,1000000000000000010,'hr:leave:approve','审批请假申请','/api/v1/leave/approve','POST'),(2000000000000000162,1000000000000000010,'hr:payroll:list','查看薪酬列表','/api/v1/payroll/search','GET'),(2000000000000000163,1000000000000000010,'hr:payroll:detail','查看薪酬详情','/api/v1/payroll/{id}','GET'),(2000000000000000164,1000000000000000010,'hr:payroll:create','创建薪酬记录','/api/v1/payroll','POST'),(2000000000000000165,1000000000000000010,'hr:payroll:update','更新薪酬记录','/api/v1/payroll','PUT'),(2000000000000000166,1000000000000000010,'hr:evidence:upload','上传证明文件','/api/v1/hr/upload/evidence','POST'),(2000000000000000170,1000000000000000011,'finance:asset:list','查看固定资产列表','/api/v1/finance/assets','GET'),(2000000000000000171,1000000000000000011,'finance:asset:detail','查看固定资产详情','/api/v1/finance/assets/{id}','GET'),(2000000000000000172,1000000000000000011,'finance:asset:create','创建固定资产','/api/v1/finance/assets','POST'),(2000000000000000173,1000000000000000011,'finance:asset:update','更新固定资产','/api/v1/finance/assets','PUT'),(2000000000000000174,1000000000000000011,'finance:asset:delete','删除固定资产','/api/v1/finance/assets/{id}','DELETE'),(2000000000000000175,1000000000000000011,'finance:payment:list','查看付款记录列表','/api/v1/finance/payments','GET'),(2000000000000000176,1000000000000000011,'finance:payment:detail','查看付款记录详情','/api/v1/finance/payments/{id}','GET'),(2000000000000000177,1000000000000000011,'finance:payment:create','创建付款记录','/api/v1/finance/payments','POST'),(2000000000000000178,1000000000000000011,'finance:payment:update','更新付款记录','/api/v1/finance/payments','PUT'),(2000000000000000179,1000000000000000011,'finance:receipt:list','查看收款记录列表','/api/v1/finance/receipts','GET'),(2000000000000000180,1000000000000000011,'finance:receipt:detail','查看收款记录详情','/api/v1/finance/receipts/{id}','GET'),(2000000000000000181,1000000000000000011,'finance:receipt:create','创建收款记录','/api/v1/finance/receipts','POST'),(2000000000000000182,1000000000000000011,'finance:receipt:update','更新收款记录','/api/v1/finance/receipts','PUT'),(2000000000000000183,1000000000000000011,'finance:salary:list','查看工资发放列表','/api/v1/finance/salaryPayments','GET'),(2000000000000000184,1000000000000000011,'finance:salary:detail','查看工资发放详情','/api/v1/finance/salaryPayments/{id}','GET'),(2000000000000000185,1000000000000000011,'finance:salary:create','创建工资发放记录','/api/v1/finance/salaryPayments','POST'),(2000000000000000186,1000000000000000011,'finance:salary:update','更新工资发放记录','/api/v1/finance/salaryPayments','PUT'),(2000000000000000187,1000000000000000006,'inventory:create','创建库存','/api/v1/inventory','POST'),(2000000000000000188,1000000000000000006,'inventory:lock:update','设置商品库存限制','/api/v1/inventory/setInventoryLock','POST'),(2000000000000000189,1000000000000000006,'inventory:check','库存盘点','/api/v1/inventory/check','POST'),(2000000000000000190,1000000000000000006,'inventory:alert','库存预警','/api/v1/inventory/alerts','GET'),(2000000000000000191,1000000000000000010,'hr:employee:import','批量创建员工','/api/v1/employeeDetail/import','POST'),(2000000000000000192,1000000000000000010,'hr:employee:department:get','查询部门下员工','/api/v1/employeeDetail/department','GET'),(2000000000000000193,1000000000000000010,'hr:employee:salary:adjust','调整薪资','/api/v1/employeeDetail/adjustSalary','POST'),(2000000000000000194,1000000000000000012,'image:add','添加图片','/api/v1/image','POST'),(2000000000000000195,1000000000000000012,'image:upload','上传图片','/api/v1/image/upload','POST'),(2000000000000000196,1000000000000000012,'image:update','更新图片','/api/v1/image','PUT'),(2000000000000000197,1000000000000000012,'image:delete','删除图片','/api/v1/image/{id}','DELETE'),(2000000000000000198,1000000000000000012,'image:detail','查看图片详情','/api/v1/image/{id}','GET'),(2000000000000000199,1000000000000000012,'image:search','搜索图片','/api/v1/image/search','GET'),(2000000000000000200,1000000000000000009,'production:bomitem:create','创建BOM明细','/api/v1/production/bom-items','POST'),(2000000000000000201,1000000000000000009,'production:bomitem:update','更新BOM明细','/api/v1/production/bom-items/{id}','PUT'),(2000000000000000202,1000000000000000009,'production:bomitem:delete','删除BOM明细','/api/v1/production/bom-items/{id}','DELETE'),(2000000000000000203,1000000000000000009,'production:requisition:approve','审批领料单','/api/v1/production/requisitions/{id}/approve','PUT'),(2000000000000000204,1000000000000000009,'production:requisitionitem:create','创建领料单明细','/api/v1/production/requisition-items','POST'),(2000000000000000205,1000000000000000009,'production:requisitionitem:update','更新领料单明细','/api/v1/production/requisition-items/{id}','PUT'),(2000000000000000206,1000000000000000009,'production:requisitionitem:delete','删除领料单明细','/api/v1/production/requisition-items/{id}','DELETE'),(2000000000000000207,1000000000000000007,'purchase:order:cancel','取消采购订单','/api/v1/purchase/order/cancel','POST'),(2000000000000000208,1000000000000000010,'hr:attendance:replenish:create','提交补卡申请','/api/v1/attendanceReplenish','POST'),(2000000000000000209,1000000000000000010,'hr:attendance:replenish:approve','审批补卡申请','/api/v1/attendanceReplenish/approve','POST'),(2000000000000000210,1000000000000000010,'hr:attendance:replenish:detail','补卡申请详情','/api/v1/attendanceReplenish/{id}','GET'),(2000000000000000211,1000000000000000010,'hr:attendance:replenish:search','搜索补卡申请','/api/v1/attendanceReplenish/search','GET'),(2000000000000000212,1000000000000000010,'hr:resigned:create','提交离职申请','/api/v1/resigned','POST'),(2000000000000000213,1000000000000000010,'hr:resigned:review','审批离职申请','/api/v1/resigned/review','PUT'),(2000000000000000214,1000000000000000010,'hr:resigned:detail','离职申请详情','/api/v1/resigned/{id}','GET'),(2000000000000000215,1000000000000000010,'hr:resigned:search','搜索离职申请','/api/v1/resigned/list','GET'),(2000000000000000216,1000000000000000010,'hr:resigned:update','修改离职申请','/api/v1/resigned','PUT'),(2000000000000000217,1000000000000000002,'user:logout','用户登出','/api/v1/user/logout','POST');
/*!40000 ALTER TABLE `permission` ENABLE KEYS */;
UNLOCK TABLES;

--
-- Table structure for table `role`
--

DROP TABLE IF EXISTS `role`;
/*!40101 SET @saved_cs_client     = @@character_set_client */;
/*!50503 SET character_set_client = utf8mb4 */;
CREATE TABLE `role` (
  `id` bigint NOT NULL COMMENT '主键ID，雪花',
  `code` varchar(50) NOT NULL COMMENT '角色代码',
  `name` varchar(50) NOT NULL COMMENT '角色名称',
  `description` text COMMENT '角色描述',
  PRIMARY KEY (`id`),
  UNIQUE KEY `code` (`code`)
) ENGINE=InnoDB DEFAULT CHARSET=utf8mb4 COLLATE=utf8mb4_0900_ai_ci;
/*!40101 SET character_set_client = @saved_cs_client */;

--
-- Dumping data for table `role`
--

LOCK TABLES `role` WRITE;
/*!40000 ALTER TABLE `role` DISABLE KEYS */;
INSERT INTO `role` VALUES (1000000000000000001,'super_admin','超级管理员','系统超级管理员，拥有所有权限'),(1000000000000000002,'ceo','总经理','公司总经理，拥有所有业务权限'),(1000000000000000003,'hr_manager','人事经理','人事部门经理'),(1000000000000000004,'hr_staff','人事专员','人事部门专员'),(1000000000000000005,'finance_manager','财务经理','财务部门经理'),(1000000000000000006,'finance_staff','财务专员','财务部门专员'),(1000000000000000007,'purchase_manager','采购经理','采购部门经理'),(1000000000000000008,'purchase_staff','采购专员','采购部门专员'),(1000000000000000009,'sales_manager','销售经理','销售部门经理'),(1000000000000000010,'sales_staff','销售专员','销售部门专员'),(1000000000000000011,'warehouse_manager','仓库经理','仓库部门经理'),(1000000000000000012,'warehouse_staff','仓库管理员','仓库管理员'),(1000000000000000013,'production_manager','生产经理','生产部门经理'),(1000000000000000014,'production_staff','生产专员','生产部门专员'),(1000000000000000015,'employee','普通员工','普通员工');
/*!40000 ALTER TABLE `role` ENABLE KEYS */;
UNLOCK TABLES;

--
-- Table structure for table `role_permission`
--

DROP TABLE IF EXISTS `role_permission`;
/*!40101 SET @saved_cs_client     = @@character_set_client */;
/*!50503 SET character_set_client = utf8mb4 */;
CREATE TABLE `role_permission` (
  `id` bigint NOT NULL COMMENT '主键ID，雪花',
  `role_id` bigint DEFAULT NULL,
  `permission_id` bigint DEFAULT NULL,
  PRIMARY KEY (`id`),
  KEY `idx_rid` (`role_id`),
  KEY `fk_role_permission_permission_id` (`permission_id`)
) ENGINE=InnoDB DEFAULT CHARSET=utf8mb4 COLLATE=utf8mb4_0900_ai_ci;
/*!40101 SET character_set_client = @saved_cs_client */;

--
-- Dumping data for table `role_permission`
--

LOCK TABLES `role_permission` WRITE;
/*!40000 ALTER TABLE `role_permission` DISABLE KEYS */;
INSERT INTO `role_permission` VALUES (3000000000000000001,1000000000000000001,2000000000000000001),(3000000000000000002,1000000000000000001,2000000000000000002),(3000000000000000003,1000000000000000001,2000000000000000003),(3000000000000000004,1000000000000000001,2000000000000000004),(3000000000000000005,1000000000000000001,2000000000000000005),(3000000000000000006,1000000000000000001,2000000000000000006),(3000000000000000007,1000000000000000001,2000000000000000007),(3000000000000000008,1000000000000000001,2000000000000000008),(3000000000000000009,1000000000000000001,2000000000000000009),(3000000000000000010,1000000000000000001,2000000000000000010),(3000000000000000011,1000000000000000001,2000000000000000011),(3000000000000000012,1000000000000000001,2000000000000000012),(3000000000000000013,1000000000000000001,2000000000000000013),(3000000000000000014,1000000000000000001,2000000000000000014),(3000000000000000015,1000000000000000001,2000000000000000020),(3000000000000000016,1000000000000000001,2000000000000000021),(3000000000000000017,1000000000000000001,2000000000000000022),(3000000000000000018,1000000000000000001,2000000000000000023),(3000000000000000019,1000000000000000001,2000000000000000024),(3000000000000000020,1000000000000000001,2000000000000000025),(3000000000000000021,1000000000000000001,2000000000000000026),(3000000000000000022,1000000000000000001,2000000000000000027),(3000000000000000023,1000000000000000001,2000000000000000030),(3000000000000000024,1000000000000000001,2000000000000000031),(3000000000000000025,1000000000000000001,2000000000000000032),(3000000000000000026,1000000000000000001,2000000000000000033),(3000000000000000027,1000000000000000001,2000000000000000034),(3000000000000000028,1000000000000000001,2000000000000000035),(3000000000000000029,1000000000000000001,2000000000000000036),(3000000000000000030,1000000000000000001,2000000000000000037),(3000000000000000031,1000000000000000001,2000000000000000038),(3000000000000000032,1000000000000000001,2000000000000000039),(3000000000000000033,1000000000000000001,2000000000000000040),(3000000000000000034,1000000000000000001,2000000000000000041),(3000000000000000035,1000000000000000001,2000000000000000042),(3000000000000000036,1000000000000000001,2000000000000000050),(3000000000000000037,1000000000000000001,2000000000000000051),(3000000000000000038,1000000000000000001,2000000000000000052),(3000000000000000039,1000000000000000001,2000000000000000053),(3000000000000000040,1000000000000000001,2000000000000000054),(3000000000000000041,1000000000000000001,2000000000000000055),(3000000000000000042,1000000000000000001,2000000000000000056),(3000000000000000043,1000000000000000001,2000000000000000057),(3000000000000000044,1000000000000000001,2000000000000000058),(3000000000000000045,1000000000000000001,2000000000000000060),(3000000000000000046,1000000000000000001,2000000000000000061),(3000000000000000047,1000000000000000001,2000000000000000062),(3000000000000000048,1000000000000000001,2000000000000000063),(3000000000000000049,1000000000000000001,2000000000000000064),(3000000000000000050,1000000000000000001,2000000000000000065),(3000000000000000051,1000000000000000001,2000000000000000066),(3000000000000000052,1000000000000000001,2000000000000000067),(3000000000000000053,1000000000000000001,2000000000000000068),(3000000000000000054,1000000000000000001,2000000000000000069),(3000000000000000055,1000000000000000001,2000000000000000070),(3000000000000000056,1000000000000000001,2000000000000000071),(3000000000000000057,1000000000000000001,2000000000000000072),(3000000000000000058,1000000000000000001,2000000000000000080),(3000000000000000059,1000000000000000001,2000000000000000081),(3000000000000000060,1000000000000000001,2000000000000000082),(3000000000000000061,1000000000000000001,2000000000000000083),(3000000000000000062,1000000000000000001,2000000000000000084),(3000000000000000063,1000000000000000001,2000000000000000085),(3000000000000000064,1000000000000000001,2000000000000000086),(3000000000000000065,1000000000000000001,2000000000000000087),(3000000000000000066,1000000000000000001,2000000000000000088),(3000000000000000067,1000000000000000001,2000000000000000089),(3000000000000000068,1000000000000000001,2000000000000000090),(3000000000000000069,1000000000000000001,2000000000000000091),(3000000000000000070,1000000000000000001,2000000000000000092),(3000000000000000071,1000000000000000001,2000000000000000093),(3000000000000000072,1000000000000000001,2000000000000000094),(3000000000000000073,1000000000000000001,2000000000000000095),(3000000000000000074,1000000000000000001,2000000000000000096),(3000000000000000075,1000000000000000001,2000000000000000097),(3000000000000000076,1000000000000000001,2000000000000000098),(3000000000000000077,1000000000000000001,2000000000000000099),(3000000000000000078,1000000000000000001,2000000000000000100),(3000000000000000079,1000000000000000001,2000000000000000101),(3000000000000000080,1000000000000000001,2000000000000000102),(3000000000000000081,1000000000000000001,2000000000000000103),(3000000000000000082,1000000000000000001,2000000000000000104),(3000000000000000083,1000000000000000001,2000000000000000110),(3000000000000000084,1000000000000000001,2000000000000000111),(3000000000000000085,1000000000000000001,2000000000000000112),(3000000000000000086,1000000000000000001,2000000000000000113),(3000000000000000087,1000000000000000001,2000000000000000114),(3000000000000000088,1000000000000000001,2000000000000000115),(3000000000000000089,1000000000000000001,2000000000000000116),(3000000000000000090,1000000000000000001,2000000000000000117),(3000000000000000091,1000000000000000001,2000000000000000118),(3000000000000000092,1000000000000000001,2000000000000000119),(3000000000000000093,1000000000000000001,2000000000000000120),(3000000000000000094,1000000000000000001,2000000000000000121),(3000000000000000095,1000000000000000001,2000000000000000122),(3000000000000000096,1000000000000000001,2000000000000000123),(3000000000000000097,1000000000000000001,2000000000000000124),(3000000000000000098,1000000000000000001,2000000000000000125),(3000000000000000099,1000000000000000001,2000000000000000126),(3000000000000000100,1000000000000000001,2000000000000000127),(3000000000000000101,1000000000000000001,2000000000000000128),(3000000000000000102,1000000000000000001,2000000000000000129),(3000000000000000103,1000000000000000001,2000000000000000130),(3000000000000000104,1000000000000000001,2000000000000000131),(3000000000000000105,1000000000000000001,2000000000000000132),(3000000000000000106,1000000000000000001,2000000000000000133),(3000000000000000107,1000000000000000001,2000000000000000140),(3000000000000000108,1000000000000000001,2000000000000000141),(3000000000000000109,1000000000000000001,2000000000000000142),(3000000000000000110,1000000000000000001,2000000000000000143),(3000000000000000111,1000000000000000001,2000000000000000144),(3000000000000000112,1000000000000000001,2000000000000000145),(3000000000000000113,1000000000000000001,2000000000000000146),(3000000000000000114,1000000000000000001,2000000000000000147),(3000000000000000115,1000000000000000001,2000000000000000148),(3000000000000000116,1000000000000000001,2000000000000000149),(3000000000000000117,1000000000000000001,2000000000000000150),(3000000000000000118,1000000000000000001,2000000000000000151),(3000000000000000119,1000000000000000001,2000000000000000152),(3000000000000000120,1000000000000000001,2000000000000000153),(3000000000000000121,1000000000000000001,2000000000000000154),(3000000000000000122,1000000000000000001,2000000000000000155),(3000000000000000123,1000000000000000001,2000000000000000156),(3000000000000000124,1000000000000000001,2000000000000000157),(3000000000000000125,1000000000000000001,2000000000000000158),(3000000000000000126,1000000000000000001,2000000000000000159),(3000000000000000127,1000000000000000001,2000000000000000160),(3000000000000000128,1000000000000000001,2000000000000000161),(3000000000000000129,1000000000000000001,2000000000000000162),(3000000000000000130,1000000000000000001,2000000000000000163),(3000000000000000131,1000000000000000001,2000000000000000164),(3000000000000000132,1000000000000000001,2000000000000000165),(3000000000000000133,1000000000000000001,2000000000000000166),(3000000000000000134,1000000000000000001,2000000000000000170),(3000000000000000135,1000000000000000001,2000000000000000171),(3000000000000000136,1000000000000000001,2000000000000000172),(3000000000000000137,1000000000000000001,2000000000000000173),(3000000000000000138,1000000000000000001,2000000000000000174),(3000000000000000139,1000000000000000001,2000000000000000175),(3000000000000000140,1000000000000000001,2000000000000000176),(3000000000000000141,1000000000000000001,2000000000000000177),(3000000000000000142,1000000000000000001,2000000000000000178),(3000000000000000143,1000000000000000001,2000000000000000179),(3000000000000000144,1000000000000000001,2000000000000000180),(3000000000000000145,1000000000000000001,2000000000000000181),(3000000000000000146,1000000000000000001,2000000000000000182),(3000000000000000147,1000000000000000001,2000000000000000183),(3000000000000000148,1000000000000000001,2000000000000000184),(3000000000000000149,1000000000000000001,2000000000000000185),(3000000000000000150,1000000000000000001,2000000000000000186),(3000000000000000151,1000000000000000002,2000000000000000020),(3000000000000000152,1000000000000000002,2000000000000000021),(3000000000000000153,1000000000000000002,2000000000000000022),(3000000000000000154,1000000000000000002,2000000000000000023),(3000000000000000155,1000000000000000002,2000000000000000024),(3000000000000000156,1000000000000000002,2000000000000000025),(3000000000000000157,1000000000000000002,2000000000000000026),(3000000000000000158,1000000000000000002,2000000000000000027),(3000000000000000159,1000000000000000002,2000000000000000030),(3000000000000000160,1000000000000000002,2000000000000000031),(3000000000000000161,1000000000000000002,2000000000000000032),(3000000000000000162,1000000000000000002,2000000000000000033),(3000000000000000163,1000000000000000002,2000000000000000034),(3000000000000000164,1000000000000000002,2000000000000000035),(3000000000000000165,1000000000000000002,2000000000000000036),(3000000000000000166,1000000000000000002,2000000000000000037),(3000000000000000167,1000000000000000002,2000000000000000038),(3000000000000000168,1000000000000000002,2000000000000000039),(3000000000000000169,1000000000000000002,2000000000000000040),(3000000000000000170,1000000000000000002,2000000000000000041),(3000000000000000171,1000000000000000002,2000000000000000042),(3000000000000000172,1000000000000000002,2000000000000000050),(3000000000000000173,1000000000000000002,2000000000000000051),(3000000000000000174,1000000000000000002,2000000000000000052),(3000000000000000175,1000000000000000002,2000000000000000053),(3000000000000000176,1000000000000000002,2000000000000000054),(3000000000000000177,1000000000000000002,2000000000000000055),(3000000000000000178,1000000000000000002,2000000000000000056),(3000000000000000179,1000000000000000002,2000000000000000057),(3000000000000000180,1000000000000000002,2000000000000000058),(3000000000000000181,1000000000000000002,2000000000000000060),(3000000000000000182,1000000000000000002,2000000000000000061),(3000000000000000183,1000000000000000002,2000000000000000062),(3000000000000000184,1000000000000000002,2000000000000000063),(3000000000000000185,1000000000000000002,2000000000000000064),(3000000000000000186,1000000000000000002,2000000000000000065),(3000000000000000187,1000000000000000002,2000000000000000066),(3000000000000000188,1000000000000000002,2000000000000000067),(3000000000000000189,1000000000000000002,2000000000000000068),(3000000000000000190,1000000000000000002,2000000000000000069),(3000000000000000191,1000000000000000002,2000000000000000070),(3000000000000000192,1000000000000000002,2000000000000000071),(3000000000000000193,1000000000000000002,2000000000000000072),(3000000000000000194,1000000000000000002,2000000000000000080),(3000000000000000195,1000000000000000002,2000000000000000081),(3000000000000000196,1000000000000000002,2000000000000000082),(3000000000000000197,1000000000000000002,2000000000000000083),(3000000000000000198,1000000000000000002,2000000000000000084),(3000000000000000199,1000000000000000002,2000000000000000085),(3000000000000000200,1000000000000000002,2000000000000000086),(3000000000000000201,1000000000000000002,2000000000000000087),(3000000000000000202,1000000000000000002,2000000000000000088),(3000000000000000203,1000000000000000002,2000000000000000089),(3000000000000000204,1000000000000000002,2000000000000000090),(3000000000000000205,1000000000000000002,2000000000000000091),(3000000000000000206,1000000000000000002,2000000000000000092),(3000000000000000207,1000000000000000002,2000000000000000093),(3000000000000000208,1000000000000000002,2000000000000000094),(3000000000000000209,1000000000000000002,2000000000000000095),(3000000000000000210,1000000000000000002,2000000000000000096),(3000000000000000211,1000000000000000002,2000000000000000097),(3000000000000000212,1000000000000000002,2000000000000000098),(3000000000000000213,1000000000000000002,2000000000000000099),(3000000000000000214,1000000000000000002,2000000000000000100),(3000000000000000215,1000000000000000002,2000000000000000101),(3000000000000000216,1000000000000000002,2000000000000000102),(3000000000000000217,1000000000000000002,2000000000000000103),(3000000000000000218,1000000000000000002,2000000000000000104),(3000000000000000219,1000000000000000002,2000000000000000110),(3000000000000000220,1000000000000000002,2000000000000000111),(3000000000000000221,1000000000000000002,2000000000000000112),(3000000000000000222,1000000000000000002,2000000000000000113),(3000000000000000223,1000000000000000002,2000000000000000114),(3000000000000000224,1000000000000000002,2000000000000000115),(3000000000000000225,1000000000000000002,2000000000000000116),(3000000000000000226,1000000000000000002,2000000000000000117),(3000000000000000227,1000000000000000002,2000000000000000118),(3000000000000000228,1000000000000000002,2000000000000000119),(3000000000000000229,1000000000000000002,2000000000000000120),(3000000000000000230,1000000000000000002,2000000000000000121),(3000000000000000231,1000000000000000002,2000000000000000122),(3000000000000000232,1000000000000000002,2000000000000000123),(3000000000000000233,1000000000000000002,2000000000000000124),(3000000000000000234,1000000000000000002,2000000000000000125),(3000000000000000235,1000000000000000002,2000000000000000126),(3000000000000000236,1000000000000000002,2000000000000000127),(3000000000000000237,1000000000000000002,2000000000000000128),(3000000000000000238,1000000000000000002,2000000000000000129),(3000000000000000239,1000000000000000002,2000000000000000130),(3000000000000000240,1000000000000000002,2000000000000000131),(3000000000000000241,1000000000000000002,2000000000000000132),(3000000000000000242,1000000000000000002,2000000000000000133),(3000000000000000243,1000000000000000002,2000000000000000140),(3000000000000000244,1000000000000000002,2000000000000000141),(3000000000000000245,1000000000000000002,2000000000000000142),(3000000000000000246,1000000000000000002,2000000000000000143),(3000000000000000247,1000000000000000002,2000000000000000144),(3000000000000000248,1000000000000000002,2000000000000000145),(3000000000000000249,1000000000000000002,2000000000000000146),(3000000000000000250,1000000000000000002,2000000000000000147),(3000000000000000251,1000000000000000002,2000000000000000148),(3000000000000000252,1000000000000000002,2000000000000000149),(3000000000000000253,1000000000000000002,2000000000000000150),(3000000000000000254,1000000000000000002,2000000000000000151),(3000000000000000255,1000000000000000002,2000000000000000152),(3000000000000000256,1000000000000000002,2000000000000000153),(3000000000000000257,1000000000000000002,2000000000000000154),(3000000000000000258,1000000000000000002,2000000000000000155),(3000000000000000259,1000000000000000002,2000000000000000156),(3000000000000000260,1000000000000000002,2000000000000000157),(3000000000000000261,1000000000000000002,2000000000000000158),(3000000000000000262,1000000000000000002,2000000000000000159),(3000000000000000263,1000000000000000002,2000000000000000160),(3000000000000000264,1000000000000000002,2000000000000000161),(3000000000000000265,1000000000000000002,2000000000000000162),(3000000000000000266,1000000000000000002,2000000000000000163),(3000000000000000267,1000000000000000002,2000000000000000164),(3000000000000000268,1000000000000000002,2000000000000000165),(3000000000000000269,1000000000000000002,2000000000000000166),(3000000000000000270,1000000000000000002,2000000000000000170),(3000000000000000271,1000000000000000002,2000000000000000171),(3000000000000000272,1000000000000000002,2000000000000000172),(3000000000000000273,1000000000000000002,2000000000000000173),(3000000000000000274,1000000000000000002,2000000000000000174),(3000000000000000275,1000000000000000002,2000000000000000175),(3000000000000000276,1000000000000000002,2000000000000000176),(3000000000000000277,1000000000000000002,2000000000000000177),(3000000000000000278,1000000000000000002,2000000000000000178),(3000000000000000279,1000000000000000002,2000000000000000179),(3000000000000000280,1000000000000000002,2000000000000000180),(3000000000000000281,1000000000000000002,2000000000000000181),(3000000000000000282,1000000000000000002,2000000000000000182),(3000000000000000283,1000000000000000002,2000000000000000183),(3000000000000000284,1000000000000000002,2000000000000000184),(3000000000000000285,1000000000000000002,2000000000000000185),(3000000000000000286,1000000000000000002,2000000000000000186),(3000000000000000287,1000000000000000003,2000000000000000020),(3000000000000000288,1000000000000000003,2000000000000000021),(3000000000000000289,1000000000000000003,2000000000000000022),(3000000000000000290,1000000000000000003,2000000000000000023),(3000000000000000291,1000000000000000003,2000000000000000024),(3000000000000000292,1000000000000000003,2000000000000000025),(3000000000000000293,1000000000000000003,2000000000000000026),(3000000000000000294,1000000000000000003,2000000000000000027),(3000000000000000295,1000000000000000003,2000000000000000140),(3000000000000000296,1000000000000000003,2000000000000000141),(3000000000000000297,1000000000000000003,2000000000000000142),(3000000000000000298,1000000000000000003,2000000000000000143),(3000000000000000299,1000000000000000003,2000000000000000144),(3000000000000000300,1000000000000000003,2000000000000000145),(3000000000000000301,1000000000000000003,2000000000000000146),(3000000000000000302,1000000000000000003,2000000000000000147),(3000000000000000303,1000000000000000003,2000000000000000148),(3000000000000000304,1000000000000000003,2000000000000000149),(3000000000000000305,1000000000000000003,2000000000000000150),(3000000000000000306,1000000000000000003,2000000000000000151),(3000000000000000307,1000000000000000003,2000000000000000152),(3000000000000000308,1000000000000000003,2000000000000000153),(3000000000000000309,1000000000000000003,2000000000000000154),(3000000000000000310,1000000000000000003,2000000000000000155),(3000000000000000311,1000000000000000003,2000000000000000156),(3000000000000000312,1000000000000000003,2000000000000000157),(3000000000000000313,1000000000000000003,2000000000000000158),(3000000000000000314,1000000000000000003,2000000000000000159),(3000000000000000315,1000000000000000003,2000000000000000160),(3000000000000000316,1000000000000000003,2000000000000000161),(3000000000000000317,1000000000000000003,2000000000000000162),(3000000000000000318,1000000000000000003,2000000000000000163),(3000000000000000319,1000000000000000003,2000000000000000164),(3000000000000000320,1000000000000000003,2000000000000000165),(3000000000000000321,1000000000000000003,2000000000000000166),(3000000000000000322,1000000000000000004,2000000000000000020),(3000000000000000323,1000000000000000004,2000000000000000021),(3000000000000000324,1000000000000000004,2000000000000000140),(3000000000000000325,1000000000000000004,2000000000000000141),(3000000000000000326,1000000000000000004,2000000000000000145),(3000000000000000327,1000000000000000004,2000000000000000146),(3000000000000000328,1000000000000000004,2000000000000000150),(3000000000000000329,1000000000000000004,2000000000000000151),(3000000000000000330,1000000000000000004,2000000000000000152),(3000000000000000331,1000000000000000004,2000000000000000153),(3000000000000000332,1000000000000000004,2000000000000000155),(3000000000000000333,1000000000000000004,2000000000000000156),(3000000000000000334,1000000000000000004,2000000000000000157),(3000000000000000335,1000000000000000004,2000000000000000158),(3000000000000000336,1000000000000000004,2000000000000000159),(3000000000000000337,1000000000000000004,2000000000000000160),(3000000000000000338,1000000000000000004,2000000000000000162),(3000000000000000339,1000000000000000004,2000000000000000163),(3000000000000000340,1000000000000000005,2000000000000000020),(3000000000000000341,1000000000000000005,2000000000000000021),(3000000000000000342,1000000000000000005,2000000000000000170),(3000000000000000343,1000000000000000005,2000000000000000171),(3000000000000000344,1000000000000000005,2000000000000000172),(3000000000000000345,1000000000000000005,2000000000000000173),(3000000000000000346,1000000000000000005,2000000000000000174),(3000000000000000347,1000000000000000005,2000000000000000175),(3000000000000000348,1000000000000000005,2000000000000000176),(3000000000000000349,1000000000000000005,2000000000000000177),(3000000000000000350,1000000000000000005,2000000000000000178),(3000000000000000351,1000000000000000005,2000000000000000179),(3000000000000000352,1000000000000000005,2000000000000000180),(3000000000000000353,1000000000000000005,2000000000000000181),(3000000000000000354,1000000000000000005,2000000000000000182),(3000000000000000355,1000000000000000005,2000000000000000183),(3000000000000000356,1000000000000000005,2000000000000000184),(3000000000000000357,1000000000000000005,2000000000000000185),(3000000000000000358,1000000000000000005,2000000000000000186),(3000000000000000359,1000000000000000006,2000000000000000020),(3000000000000000360,1000000000000000006,2000000000000000021),(3000000000000000361,1000000000000000006,2000000000000000170),(3000000000000000362,1000000000000000006,2000000000000000171),(3000000000000000363,1000000000000000006,2000000000000000175),(3000000000000000364,1000000000000000006,2000000000000000176),(3000000000000000365,1000000000000000006,2000000000000000177),(3000000000000000366,1000000000000000006,2000000000000000179),(3000000000000000367,1000000000000000006,2000000000000000180),(3000000000000000368,1000000000000000006,2000000000000000181),(3000000000000000369,1000000000000000006,2000000000000000183),(3000000000000000370,1000000000000000006,2000000000000000184),(3000000000000000371,1000000000000000007,2000000000000000020),(3000000000000000372,1000000000000000007,2000000000000000021),(3000000000000000373,1000000000000000007,2000000000000000050),(3000000000000000374,1000000000000000007,2000000000000000051),(3000000000000000375,1000000000000000007,2000000000000000065),(3000000000000000376,1000000000000000007,2000000000000000066),(3000000000000000377,1000000000000000007,2000000000000000090),(3000000000000000378,1000000000000000007,2000000000000000091),(3000000000000000379,1000000000000000007,2000000000000000092),(3000000000000000380,1000000000000000007,2000000000000000093),(3000000000000000381,1000000000000000007,2000000000000000094),(3000000000000000382,1000000000000000007,2000000000000000095),(3000000000000000383,1000000000000000007,2000000000000000096),(3000000000000000384,1000000000000000007,2000000000000000097),(3000000000000000385,1000000000000000007,2000000000000000098),(3000000000000000386,1000000000000000007,2000000000000000099),(3000000000000000387,1000000000000000007,2000000000000000100),(3000000000000000388,1000000000000000007,2000000000000000101),(3000000000000000389,1000000000000000007,2000000000000000102),(3000000000000000390,1000000000000000007,2000000000000000103),(3000000000000000391,1000000000000000007,2000000000000000104),(3000000000000000392,1000000000000000008,2000000000000000020),(3000000000000000393,1000000000000000008,2000000000000000021),(3000000000000000394,1000000000000000008,2000000000000000050),(3000000000000000395,1000000000000000008,2000000000000000051),(3000000000000000396,1000000000000000008,2000000000000000065),(3000000000000000397,1000000000000000008,2000000000000000066),(3000000000000000398,1000000000000000008,2000000000000000090),(3000000000000000399,1000000000000000008,2000000000000000091),(3000000000000000400,1000000000000000008,2000000000000000096),(3000000000000000401,1000000000000000008,2000000000000000097),(3000000000000000402,1000000000000000008,2000000000000000101),(3000000000000000403,1000000000000000008,2000000000000000102),(3000000000000000404,1000000000000000009,2000000000000000020),(3000000000000000405,1000000000000000009,2000000000000000021),(3000000000000000406,1000000000000000009,2000000000000000035),(3000000000000000407,1000000000000000009,2000000000000000036),(3000000000000000408,1000000000000000009,2000000000000000065),(3000000000000000409,1000000000000000009,2000000000000000066),(3000000000000000410,1000000000000000009,2000000000000000110),(3000000000000000411,1000000000000000009,2000000000000000111),(3000000000000000412,1000000000000000009,2000000000000000112),(3000000000000000413,1000000000000000009,2000000000000000113),(3000000000000000414,1000000000000000009,2000000000000000114),(3000000000000000415,1000000000000000009,2000000000000000115),(3000000000000000416,1000000000000000009,2000000000000000116),(3000000000000000417,1000000000000000009,2000000000000000117),(3000000000000000418,1000000000000000009,2000000000000000118),(3000000000000000419,1000000000000000009,2000000000000000119),(3000000000000000420,1000000000000000010,2000000000000000020),(3000000000000000421,1000000000000000010,2000000000000000021),(3000000000000000422,1000000000000000010,2000000000000000035),(3000000000000000423,1000000000000000010,2000000000000000036),(3000000000000000424,1000000000000000010,2000000000000000065),(3000000000000000425,1000000000000000010,2000000000000000066),(3000000000000000426,1000000000000000010,2000000000000000110),(3000000000000000427,1000000000000000010,2000000000000000111),(3000000000000000428,1000000000000000010,2000000000000000115),(3000000000000000429,1000000000000000010,2000000000000000116),(3000000000000000430,1000000000000000011,2000000000000000020),(3000000000000000431,1000000000000000011,2000000000000000021),(3000000000000000432,1000000000000000011,2000000000000000065),(3000000000000000433,1000000000000000011,2000000000000000066),(3000000000000000434,1000000000000000011,2000000000000000080),(3000000000000000435,1000000000000000011,2000000000000000081),(3000000000000000436,1000000000000000011,2000000000000000082),(3000000000000000437,1000000000000000011,2000000000000000083),(3000000000000000438,1000000000000000011,2000000000000000084),(3000000000000000439,1000000000000000011,2000000000000000085),(3000000000000000440,1000000000000000011,2000000000000000086),(3000000000000000441,1000000000000000011,2000000000000000087),(3000000000000000442,1000000000000000011,2000000000000000088),(3000000000000000443,1000000000000000011,2000000000000000089),(3000000000000000444,1000000000000000012,2000000000000000020),(3000000000000000445,1000000000000000012,2000000000000000021),(3000000000000000446,1000000000000000012,2000000000000000065),(3000000000000000447,1000000000000000012,2000000000000000066),(3000000000000000448,1000000000000000012,2000000000000000080),(3000000000000000449,1000000000000000012,2000000000000000081),(3000000000000000450,1000000000000000012,2000000000000000085),(3000000000000000451,1000000000000000012,2000000000000000086),(3000000000000000452,1000000000000000012,2000000000000000087),(3000000000000000453,1000000000000000012,2000000000000000088),(3000000000000000454,1000000000000000012,2000000000000000089),(3000000000000000455,1000000000000000013,2000000000000000020),(3000000000000000456,1000000000000000013,2000000000000000021),(3000000000000000457,1000000000000000013,2000000000000000065),(3000000000000000458,1000000000000000013,2000000000000000066),(3000000000000000459,1000000000000000013,2000000000000000120),(3000000000000000460,1000000000000000013,2000000000000000121),(3000000000000000461,1000000000000000013,2000000000000000122),(3000000000000000462,1000000000000000013,2000000000000000123),(3000000000000000463,1000000000000000013,2000000000000000124),(3000000000000000464,1000000000000000013,2000000000000000125),(3000000000000000465,1000000000000000013,2000000000000000126),(3000000000000000466,1000000000000000013,2000000000000000127),(3000000000000000467,1000000000000000013,2000000000000000128),(3000000000000000468,1000000000000000013,2000000000000000129),(3000000000000000469,1000000000000000013,2000000000000000130),(3000000000000000470,1000000000000000013,2000000000000000131),(3000000000000000471,1000000000000000013,2000000000000000132),(3000000000000000472,1000000000000000013,2000000000000000133),(3000000000000000473,1000000000000000014,2000000000000000020),(3000000000000000474,1000000000000000014,2000000000000000021),(3000000000000000475,1000000000000000014,2000000000000000065),(3000000000000000476,1000000000000000014,2000000000000000066),(3000000000000000477,1000000000000000014,2000000000000000120),(3000000000000000478,1000000000000000014,2000000000000000121),(3000000000000000479,1000000000000000014,2000000000000000125),(3000000000000000480,1000000000000000014,2000000000000000126),(3000000000000000481,1000000000000000014,2000000000000000127),(3000000000000000482,1000000000000000014,2000000000000000130),(3000000000000000483,1000000000000000014,2000000000000000131),(3000000000000000484,1000000000000000014,2000000000000000132),(3000000000000000485,1000000000000000015,2000000000000000009),(3000000000000000486,1000000000000000015,2000000000000000014),(3000000000000000487,1000000000000000015,2000000000000000020),(3000000000000000488,1000000000000000015,2000000000000000021),(3000000000000000489,1000000000000000015,2000000000000000024),(3000000000000000490,1000000000000000015,2000000000000000026),(3000000000000000491,1000000000000000015,2000000000000000027),(3000000000000000492,1000000000000000015,2000000000000000060),(3000000000000000493,1000000000000000015,2000000000000000061),(3000000000000000494,1000000000000000015,2000000000000000065),(3000000000000000495,1000000000000000015,2000000000000000066),(3000000000000000496,1000000000000000015,2000000000000000140),(3000000000000000497,1000000000000000015,2000000000000000141),(3000000000000000498,1000000000000000015,2000000000000000145),(3000000000000000499,1000000000000000015,2000000000000000146),(3000000000000000500,1000000000000000015,2000000000000000155),(3000000000000000501,1000000000000000015,2000000000000000156),(3000000000000000502,1000000000000000015,2000000000000000157),(3000000000000000503,1000000000000000015,2000000000000000158),(3000000000000000504,1000000000000000015,2000000000000000159),(3000000000000000505,1000000000000000015,2000000000000000160),(3000000000000000506,1000000000000000015,2000000000000000162),(3000000000000000507,1000000000000000015,2000000000000000163),(3000000000000000508,1000000000000000015,2000000000000000166),(3000000000000000509,1000000000000000001,2000000000000000187),(3000000000000000510,1000000000000000001,2000000000000000188),(3000000000000000511,1000000000000000001,2000000000000000189),(3000000000000000512,1000000000000000001,2000000000000000190),(3000000000000000513,1000000000000000011,2000000000000000187),(3000000000000000514,1000000000000000011,2000000000000000188),(3000000000000000515,1000000000000000011,2000000000000000189),(3000000000000000516,1000000000000000011,2000000000000000190),(3000000000000000517,1000000000000000012,2000000000000000187),(3000000000000000518,1000000000000000012,2000000000000000188),(3000000000000000519,1000000000000000012,2000000000000000189),(3000000000000000520,1000000000000000012,2000000000000000190),(3000000000000000521,1000000000000000001,2000000000000000191),(3000000000000000522,1000000000000000001,2000000000000000192),(3000000000000000523,1000000000000000001,2000000000000000193),(3000000000000000524,1000000000000000002,2000000000000000191),(3000000000000000525,1000000000000000002,2000000000000000192),(3000000000000000526,1000000000000000002,2000000000000000193),(3000000000000000527,1000000000000000003,2000000000000000191),(3000000000000000528,1000000000000000003,2000000000000000192),(3000000000000000529,1000000000000000003,2000000000000000193),(3000000000000000530,1000000000000000004,2000000000000000191),(3000000000000000531,1000000000000000004,2000000000000000192),(3000000000000000532,1000000000000000005,2000000000000000192),(3000000000000000533,1000000000000000007,2000000000000000192),(3000000000000000534,1000000000000000009,2000000000000000192),(3000000000000000535,1000000000000000011,2000000000000000192),(3000000000000000536,1000000000000000013,2000000000000000192),(3000000000000000537,1000000000000000001,2000000000000000194),(3000000000000000538,1000000000000000001,2000000000000000195),(3000000000000000539,1000000000000000001,2000000000000000196),(3000000000000000540,1000000000000000001,2000000000000000197),(3000000000000000541,1000000000000000001,2000000000000000198),(3000000000000000542,1000000000000000001,2000000000000000199),(3000000000000000543,1000000000000000002,2000000000000000194),(3000000000000000544,1000000000000000002,2000000000000000195),(3000000000000000545,1000000000000000002,2000000000000000196),(3000000000000000546,1000000000000000002,2000000000000000197),(3000000000000000547,1000000000000000002,2000000000000000198),(3000000000000000548,1000000000000000002,2000000000000000199),(3000000000000000549,1000000000000000001,2000000000000000200),(3000000000000000550,1000000000000000001,2000000000000000201),(3000000000000000551,1000000000000000001,2000000000000000202),(3000000000000000552,1000000000000000001,2000000000000000203),(3000000000000000553,1000000000000000001,2000000000000000204),(3000000000000000554,1000000000000000001,2000000000000000205),(3000000000000000555,1000000000000000001,2000000000000000206),(3000000000000000556,1000000000000000001,2000000000000000207),(3000000000000000557,1000000000000000002,2000000000000000200),(3000000000000000558,1000000000000000002,2000000000000000201),(3000000000000000559,1000000000000000002,2000000000000000202),(3000000000000000560,1000000000000000002,2000000000000000203),(3000000000000000561,1000000000000000002,2000000000000000204),(3000000000000000562,1000000000000000002,2000000000000000205),(3000000000000000563,1000000000000000002,2000000000000000206),(3000000000000000564,1000000000000000002,2000000000000000207),(3000000000000000565,1000000000000000013,2000000000000000200),(3000000000000000566,1000000000000000013,2000000000000000201),(3000000000000000567,1000000000000000013,2000000000000000202),(3000000000000000568,1000000000000000013,2000000000000000203),(3000000000000000569,1000000000000000013,2000000000000000204),(3000000000000000570,1000000000000000013,2000000000000000205),(3000000000000000571,1000000000000000013,2000000000000000206),(3000000000000000572,1000000000000000001,2000000000000000208),(3000000000000000573,1000000000000000001,2000000000000000209),(3000000000000000574,1000000000000000001,2000000000000000210),(3000000000000000575,1000000000000000001,2000000000000000211),(3000000000000000576,1000000000000000001,2000000000000000212),(3000000000000000577,1000000000000000001,2000000000000000213),(3000000000000000578,1000000000000000001,2000000000000000214),(3000000000000000579,1000000000000000001,2000000000000000215),(3000000000000000580,1000000000000000001,2000000000000000216),(3000000000000000581,1000000000000000003,2000000000000000208),(3000000000000000582,1000000000000000003,2000000000000000209),(3000000000000000583,1000000000000000003,2000000000000000210),(3000000000000000584,1000000000000000003,2000000000000000211),(3000000000000000585,1000000000000000003,2000000000000000212),(3000000000000000586,1000000000000000003,2000000000000000213),(3000000000000000587,1000000000000000003,2000000000000000214),(3000000000000000588,1000000000000000003,2000000000000000215),(3000000000000000589,1000000000000000003,2000000000000000216),(3000000000000000590,1000000000000000002,2000000000000000208),(3000000000000000591,1000000000000000002,2000000000000000209),(3000000000000000592,1000000000000000002,2000000000000000210),(3000000000000000593,1000000000000000002,2000000000000000211),(3000000000000000594,1000000000000000002,2000000000000000212),(3000000000000000595,1000000000000000002,2000000000000000213),(3000000000000000596,1000000000000000002,2000000000000000214),(3000000000000000597,1000000000000000002,2000000000000000215),(3000000000000000598,1000000000000000002,2000000000000000216),(3000000000000000599,1000000000000000015,2000000000000000208),(3000000000000000601,1000000000000000015,2000000000000000210),(3000000000000000602,1000000000000000015,2000000000000000211),(3000000000000000603,1000000000000000015,2000000000000000212),(3000000000000000604,1000000000000000015,2000000000000000214),(3000000000000000605,1000000000000000015,2000000000000000215),(3000000000000000606,1000000000000000015,2000000000000000216),(3000000000000000607,1000000000000000005,2000000000000000209),(3000000000000000608,1000000000000000005,2000000000000000210),(3000000000000000609,1000000000000000005,2000000000000000211),(3000000000000000610,1000000000000000005,2000000000000000213),(3000000000000000611,1000000000000000005,2000000000000000214),(3000000000000000612,1000000000000000005,2000000000000000215),(3000000000000000613,1000000000000000007,2000000000000000209),(3000000000000000614,1000000000000000007,2000000000000000210),(3000000000000000615,1000000000000000007,2000000000000000211),(3000000000000000616,1000000000000000007,2000000000000000213),(3000000000000000617,1000000000000000007,2000000000000000214),(3000000000000000618,1000000000000000007,2000000000000000215),(3000000000000000619,1000000000000000009,2000000000000000209),(3000000000000000620,1000000000000000009,2000000000000000210),(3000000000000000621,1000000000000000009,2000000000000000211),(3000000000000000622,1000000000000000009,2000000000000000213),(3000000000000000623,1000000000000000009,2000000000000000214),(3000000000000000624,1000000000000000009,2000000000000000215),(3000000000000000625,1000000000000000011,2000000000000000209),(3000000000000000626,1000000000000000011,2000000000000000210),(3000000000000000627,1000000000000000011,2000000000000000211),(3000000000000000628,1000000000000000011,2000000000000000213),(3000000000000000629,1000000000000000011,2000000000000000214),(3000000000000000630,1000000000000000011,2000000000000000215),(3000000000000000631,1000000000000000013,2000000000000000209),(3000000000000000632,1000000000000000013,2000000000000000210),(3000000000000000633,1000000000000000013,2000000000000000211),(3000000000000000634,1000000000000000013,2000000000000000213),(3000000000000000635,1000000000000000013,2000000000000000214),(3000000000000000636,1000000000000000013,2000000000000000215),(3000000000000000637,1000000000000000015,2000000000000000195),(3000000000000000638,1000000000000000015,2000000000000000151),(3000000000000000639,1000000000000000015,2000000000000000217),(3000000000000000640,1000000000000000001,2000000000000000217);
/*!40000 ALTER TABLE `role_permission` ENABLE KEYS */;
UNLOCK TABLES;

--
-- Table structure for table `user_role`
--

DROP TABLE IF EXISTS `user_role`;
/*!40101 SET @saved_cs_client     = @@character_set_client */;
/*!50503 SET character_set_client = utf8mb4 */;
CREATE TABLE `user_role` (
  `id` bigint NOT NULL COMMENT '主键ID，雪花',
  `user_id` bigint DEFAULT NULL,
  `role_id` bigint DEFAULT NULL,
  PRIMARY KEY (`id`),
  KEY `idx_uid` (`user_id`),
  KEY `fk_user_role_role_id` (`role_id`)
) ENGINE=InnoDB DEFAULT CHARSET=utf8mb4 COLLATE=utf8mb4_0900_ai_ci;
/*!40101 SET character_set_client = @saved_cs_client */;

--
-- Dumping data for table `user_role`
--

LOCK TABLES `user_role` WRITE;
/*!40000 ALTER TABLE `user_role` DISABLE KEYS */;
INSERT INTO `user_role` VALUES (0,607834285675652022,1000000000000000015),(8000000000000000001,6000000000000000001,1000000000000000001),(8000000000000000002,6000000000000000002,1000000000000000002),(8000000000000000003,6000000000000000002,1000000000000000015),(8000000000000000004,6000000000000000003,1000000000000000003),(8000000000000000005,6000000000000000003,1000000000000000015),(8000000000000000006,6000000000000000004,1000000000000000004),(8000000000000000007,6000000000000000004,1000000000000000015),(8000000000000000008,6000000000000000005,1000000000000000005),(8000000000000000009,6000000000000000005,1000000000000000015),(8000000000000000010,6000000000000000006,1000000000000000006),(8000000000000000011,6000000000000000006,1000000000000000015),(8000000000000000012,6000000000000000007,1000000000000000007),(8000000000000000013,6000000000000000007,1000000000000000015),(8000000000000000014,6000000000000000008,1000000000000000008),(8000000000000000015,6000000000000000008,1000000000000000015),(8000000000000000016,6000000000000000009,1000000000000000009),(8000000000000000017,6000000000000000009,1000000000000000015),(8000000000000000018,6000000000000000010,1000000000000000010),(8000000000000000019,6000000000000000010,1000000000000000015),(8000000000000000020,6000000000000000011,1000000000000000011),(8000000000000000021,6000000000000000011,1000000000000000015),(8000000000000000022,6000000000000000012,1000000000000000012),(8000000000000000023,6000000000000000012,1000000000000000015),(8000000000000000024,6000000000000000013,1000000000000000013),(8000000000000000025,6000000000000000013,1000000000000000015),(8000000000000000026,6000000000000000014,1000000000000000014),(8000000000000000027,6000000000000000014,1000000000000000015),(8000000000000000028,6000000000000000015,1000000000000000011),(8000000000000000029,6000000000000000015,1000000000000000015),(8000000000000000030,6000000000000000016,1000000000000000012),(8000000000000000031,6000000000000000016,1000000000000000015),(8000000000000000032,6000000000000000017,1000000000000000013),(8000000000000000033,6000000000000000017,1000000000000000015),(8000000000000000034,6000000000000000018,1000000000000000014),(8000000000000000035,6000000000000000018,1000000000000000015),(8000000000000000036,6000000000000000019,1000000000000000007),(8000000000000000037,6000000000000000019,1000000000000000015),(8000000000000000038,6000000000000000020,1000000000000000008),(8000000000000000039,6000000000000000020,1000000000000000015),(8000000000000000041,6000000000000000024,1000000000000000015);
/*!40000 ALTER TABLE `user_role` ENABLE KEYS */;
UNLOCK TABLES;

--
-- Dumping events for database 'erp_auth'
--

--
-- Dumping routines for database 'erp_auth'
--
/*!40103 SET TIME_ZONE=@OLD_TIME_ZONE */;

/*!40101 SET SQL_MODE=@OLD_SQL_MODE */;
/*!40014 SET FOREIGN_KEY_CHECKS=@OLD_FOREIGN_KEY_CHECKS */;
/*!40014 SET UNIQUE_CHECKS=@OLD_UNIQUE_CHECKS */;
/*!40101 SET CHARACTER_SET_CLIENT=@OLD_CHARACTER_SET_CLIENT */;
/*!40101 SET CHARACTER_SET_RESULTS=@OLD_CHARACTER_SET_RESULTS */;
/*!40101 SET COLLATION_CONNECTION=@OLD_COLLATION_CONNECTION */;
/*!40111 SET SQL_NOTES=@OLD_SQL_NOTES */;

-- Dump completed on 2026-04-10 21:53:56
