-- MySQL dump 10.13  Distrib 8.0.32, for Win64 (x86_64)
--
-- Host: localhost    Database: erp_customer
-- ------------------------------------------------------
-- Server version	8.0.32

/*!40101 SET @OLD_CHARACTER_SET_CLIENT=@@CHARACTER_SET_CLIENT */;
/*!40101 SET @OLD_CHARACTER_SET_RESULTS=@@CHARACTER_SET_RESULTS */;
/*!40101 SET @OLD_COLLATION_CONNECTION=@@COLLATION_CONNECTION */;
/*!50503 SET NAMES utf8mb4 */;
/*!40103 SET @OLD_TIME_ZONE=@@TIME_ZONE */;
/*!40103 SET TIME_ZONE='+00:00' */;
/*!40014 SET @OLD_UNIQUE_CHECKS=@@UNIQUE_CHECKS, UNIQUE_CHECKS=0 */;
/*!40014 SET @OLD_FOREIGN_KEY_CHECKS=@@FOREIGN_KEY_CHECKS, FOREIGN_KEY_CHECKS=0 */;
/*!40101 SET @OLD_SQL_MODE=@@SQL_MODE, SQL_MODE='NO_AUTO_VALUE_ON_ZERO' */;
/*!40111 SET @OLD_SQL_NOTES=@@SQL_NOTES, SQL_NOTES=0 */;

--
-- Current Database: `erp_customer`
--

/*!40000 DROP DATABASE IF EXISTS `erp_customer`*/;

CREATE DATABASE /*!32312 IF NOT EXISTS*/ `erp_customer` /*!40100 DEFAULT CHARACTER SET utf8mb4 COLLATE utf8mb4_0900_ai_ci */ /*!80016 DEFAULT ENCRYPTION='N' */;

USE `erp_customer`;

--
-- Table structure for table `customer`
--

DROP TABLE IF EXISTS `customer`;
/*!40101 SET @saved_cs_client     = @@character_set_client */;
/*!50503 SET character_set_client = utf8mb4 */;
CREATE TABLE `customer` (
  `id` bigint NOT NULL COMMENT '客户ID',
  `code` varchar(255) DEFAULT NULL COMMENT '客户编码',
  `uscc` char(18) DEFAULT NULL COMMENT '统一社会信用代码',
  `name` varchar(100) NOT NULL COMMENT '客户名称',
  `category_id` bigint NOT NULL COMMENT '客户分类',
  `contact` varchar(50) DEFAULT NULL COMMENT '联系人',
  `phone` varchar(20) DEFAULT NULL COMMENT '联系电话',
  `address` varchar(200) DEFAULT NULL COMMENT '地址',
  `credit_limit` decimal(12,2) DEFAULT NULL COMMENT '信用额度',
  `used_credit` decimal(12,2) DEFAULT NULL COMMENT '已用额度',
  `payment_terms` varchar(100) DEFAULT NULL COMMENT '付款条件',
  `is_active` tinyint(1) DEFAULT '1' COMMENT '是否合作中: 1-合作 2-待合作',
  `created_at` datetime DEFAULT CURRENT_TIMESTAMP COMMENT '创建时间',
  `created_by` bigint NOT NULL COMMENT '创建人ID',
  `updated_at` datetime DEFAULT CURRENT_TIMESTAMP ON UPDATE CURRENT_TIMESTAMP COMMENT '更新时间',
  `updated_by` bigint NOT NULL COMMENT '更新人ID',
  PRIMARY KEY (`id`),
  UNIQUE KEY `code` (`code`),
  UNIQUE KEY `uscc` (`uscc`),
  KEY `idx_category_id` (`category_id`),
  KEY `idx_is_active` (`is_active`)
) ENGINE=InnoDB DEFAULT CHARSET=utf8mb4 COLLATE=utf8mb4_0900_ai_ci;
/*!40101 SET character_set_client = @saved_cs_client */;

--
-- Dumping data for table `customer`
--

LOCK TABLES `customer` WRITE;
/*!40000 ALTER TABLE `customer` DISABLE KEYS */;
INSERT INTO `customer` VALUES (604923910374302646,'CUST20260203-092347935001','91310000607401234X','上海科技发展有限公司',2000000000000000005,'张经理','021-68881234','上海市浦东新区张江高科技园区科苑路88号',100000.00,0.00,'货到付款，月结30天',1,'2026-02-03 12:19:07',7000000000000000000,'2026-02-03 12:19:07',7000000000000000000),(2100000000000000001,'CUS001','91110108MA001XYZ01','北京重工机械制造有限公司',2000000000000000001,'张总','13901112223','北京市海淀区中关村科技园',5000000.00,1200000.00,'月结60天',1,'2023-02-01 09:00:00',7000000000000000015,'2026-02-03 00:16:26',7000000000000000000),(2100000000000000002,'CUS002','91310108MA002ABC02','上海装备制造集团有限公司',2000000000000000001,'李总','13802223333','上海市浦东新区张江高科技园区',5000000.00,800000.00,'月结60天',1,'2023-02-15 10:00:00',7000000000000000015,'2023-02-15 10:00:00',7000000000000000015),(2100000000000000003,'CUS003','91440108MA003DEF03','广州汽车部件有限公司',2000000000000000002,'王经理','13703334444','广州市番禺区汽车城工业园',2000000.00,450000.00,'月结45天',1,'2023-03-01 11:00:00',7000000000000000016,'2023-03-01 11:00:00',7000000000000000016),(2100000000000000004,'CUS004','91320108MA004GHI04','南京电子设备制造有限公司',2000000000000000002,'赵经理','13604445555','南京市江宁区经济开发区',2000000.00,620000.00,'月结45天',1,'2023-03-15 14:00:00',7000000000000000016,'2023-03-15 14:00:00',7000000000000000016),(2100000000000000005,'CUS005','91330108MA005JKL05','杭州智能装备有限公司',2000000000000000002,'钱经理','13505556666','杭州市余杭区未来科技城',2000000.00,380000.00,'月结45天',1,'2023-04-01 08:30:00',7000000000000000015,'2023-04-01 08:30:00',7000000000000000015),(2100000000000000006,'CUS006','91430108MA006MNO06','长沙精密机械有限公司',2000000000000000003,'孙经理','13406667777','长沙市开福区机械工业园',500000.00,120000.00,'月结30天',1,'2023-04-15 09:30:00',7000000000000000016,'2023-04-15 09:30:00',7000000000000000016),(2100000000000000007,'CUS007','91370108MA007PQR07','济南包装机械有限公司',2000000000000000003,'周经理','13307778888','济南市天桥区工业北路',500000.00,85000.00,'月结30天',1,'2023-05-01 10:30:00',7000000000000000015,'2023-05-01 10:30:00',7000000000000000015),(2100000000000000008,'CUS008','91510108MA008STU08','成都建筑工程集团',2000000000000000004,'吴总','13208889999','成都市青羊区建设路88号',3000000.00,950000.00,'月结45天',1,'2023-05-15 11:30:00',7000000000000000016,'2023-05-15 11:30:00',7000000000000000016),(2100000000000000009,'CUS009','91420108MA009VWX09','武汉市政工程有限公司',2000000000000000004,'郑总','13109990000','武汉市江汉区建设大道168号',3000000.00,1200000.00,'月结45天',1,'2023-06-01 08:00:00',7000000000000000015,'2023-06-01 08:00:00',7000000000000000015),(2100000000000000010,'CUS010','91610108MA010YZA10','西安自动化系统集成有限公司',2000000000000000005,'冯经理','13010001111','西安市雁塔区高新路99号',1000000.00,280000.00,'月结30天',1,'2023-06-15 09:00:00',7000000000000000016,'2023-06-15 09:00:00',7000000000000000016),(2100000000000000011,'CUS011','91120108MA011BCD11','天津智能制造集成有限公司',2000000000000000005,'陈经理','13911112222','天津市南开区科技园',1000000.00,180000.00,'月结30天',1,'2023-07-01 10:00:00',7000000000000000015,'2023-07-01 10:00:00',7000000000000000015),(2100000000000000012,'CUS012','91210108MA012EFG12','大连进出口贸易有限公司',2000000000000000006,'褚经理','13812223333','大连市中山区港湾广场',0.00,0.00,'预付款',1,'2023-07-15 11:00:00',7000000000000000016,'2023-07-15 11:00:00',7000000000000000016),(2100000000000000013,'CUS013','91350108MA013HIJ13','厦门国际贸易有限公司',2000000000000000006,'卫经理','13713334444','厦门市思明区国贸大厦',0.00,0.00,'现款现货',1,'2023-08-01 14:00:00',7000000000000000015,'2023-08-01 14:00:00',7000000000000000015);
/*!40000 ALTER TABLE `customer` ENABLE KEYS */;
UNLOCK TABLES;

--
-- Table structure for table `customer_category`
--

DROP TABLE IF EXISTS `customer_category`;
/*!40101 SET @saved_cs_client     = @@character_set_client */;
/*!50503 SET character_set_client = utf8mb4 */;
CREATE TABLE `customer_category` (
  `id` bigint NOT NULL COMMENT '客户分类ID',
  `name` varchar(100) NOT NULL COMMENT '分类名称',
  `credit_policy` text COMMENT '信用政策',
  `created_by` bigint NOT NULL COMMENT '创建人',
  `created_at` datetime DEFAULT CURRENT_TIMESTAMP COMMENT '创建时间',
  PRIMARY KEY (`id`)
) ENGINE=InnoDB DEFAULT CHARSET=utf8mb4 COLLATE=utf8mb4_0900_ai_ci;
/*!40101 SET character_set_client = @saved_cs_client */;

--
-- Dumping data for table `customer_category`
--

LOCK TABLES `customer_category` WRITE;
/*!40000 ALTER TABLE `customer_category` DISABLE KEYS */;
INSERT INTO `customer_category` VALUES (2000000000000000001,'大型制造企业','信用额度500万，账期60天',7000000000000000015,'2023-01-01 08:00:00'),(2000000000000000002,'中型制造企业','信用额度200万，账期45天',7000000000000000015,'2023-01-01 08:00:00'),(2000000000000000003,'小型制造企业','信用额度50万，账期30天',7000000000000000015,'2023-01-01 08:00:00'),(2000000000000000004,'建筑工程公司','信用额度300万，账期45天',7000000000000000015,'2023-01-01 08:00:00'),(2000000000000000005,'设备集成商','信用额度100万，账期30天',7000000000000000015,'2023-01-01 08:00:00'),(2000000000000000006,'贸易公司','预付款或现款现货',7000000000000000015,'2023-01-01 08:00:00');
/*!40000 ALTER TABLE `customer_category` ENABLE KEYS */;
UNLOCK TABLES;

--
-- Table structure for table `customer_satisfaction_survey`
--

DROP TABLE IF EXISTS `customer_satisfaction_survey`;
/*!40101 SET @saved_cs_client     = @@character_set_client */;
/*!50503 SET character_set_client = utf8mb4 */;
CREATE TABLE `customer_satisfaction_survey` (
  `id` bigint NOT NULL COMMENT '调查ID',
  `customer_id` bigint NOT NULL COMMENT '客户ID',
  `quality_score` decimal(3,1) NOT NULL COMMENT '质量评分',
  `delivery_score` decimal(3,1) NOT NULL COMMENT '交付评分',
  `service_score` decimal(3,1) NOT NULL COMMENT '服务评分',
  `overall_score` decimal(3,1) NOT NULL COMMENT '综合评分',
  `remark` varchar(255) DEFAULT NULL COMMENT '评价',
  `created_at` datetime DEFAULT CURRENT_TIMESTAMP COMMENT '调查日期',
  `created_by` bigint NOT NULL COMMENT '创建人ID',
  PRIMARY KEY (`id`),
  KEY `idx_customer_id` (`customer_id`)
) ENGINE=InnoDB DEFAULT CHARSET=utf8mb4 COLLATE=utf8mb4_0900_ai_ci;
/*!40101 SET character_set_client = @saved_cs_client */;

--
-- Dumping data for table `customer_satisfaction_survey`
--

LOCK TABLES `customer_satisfaction_survey` WRITE;
/*!40000 ALTER TABLE `customer_satisfaction_survey` DISABLE KEYS */;
INSERT INTO `customer_satisfaction_survey` VALUES (2200000000000000001,2100000000000000001,9.5,9.0,9.2,9.2,'产品质量优秀，交付及时，售后服务到位','2025-11-01 14:00:00',7000000000000000015),(2200000000000000002,2100000000000000002,9.0,8.8,9.5,9.1,'产品性能稳定，技术支持响应快','2025-11-15 14:30:00',7000000000000000015),(2200000000000000003,2100000000000000003,8.8,9.0,8.5,8.8,'产品满足需求，希望价格更优惠','2025-11-20 15:00:00',7000000000000000016),(2200000000000000004,2100000000000000004,9.2,8.5,9.0,8.9,'质量可靠，交付偶有延迟','2025-12-01 15:30:00',7000000000000000016),(2200000000000000005,2100000000000000008,9.0,9.5,9.2,9.2,'合作愉快，产品质量过硬','2025-12-10 16:00:00',7000000000000000015),(2200000000000000006,2100000000000000010,8.5,8.8,9.0,8.8,'技术方案专业，执行到位','2025-12-15 16:30:00',7000000000000000016),(2200000000000000007,2100000000000000001,9.4,9.1,9.3,9.4,'产品质量优秀，交付及时，售后服务到位','2025-12-01 14:00:00',7000000000000000015),(2200000000000000008,2100000000000000001,9.0,9.0,8.9,8.9,'产品质量优秀，交付及时，售后服务到位','2026-01-03 14:00:00',7000000000000000015),(2200000000000000009,2100000000000000001,9.4,9.1,9.3,9.4,'产品质量优秀，交付及时，售后服务到位','2026-02-03 14:00:00',7000000000000000015),(2200000000000000010,2100000000000000001,9.0,9.0,8.9,8.9,'产品质量优秀，交付及时，售后服务到位','2026-03-03 14:00:00',7000000000000000015);
/*!40000 ALTER TABLE `customer_satisfaction_survey` ENABLE KEYS */;
UNLOCK TABLES;

--
-- Dumping events for database 'erp_customer'
--

--
-- Dumping routines for database 'erp_customer'
--
/*!40103 SET TIME_ZONE=@OLD_TIME_ZONE */;

/*!40101 SET SQL_MODE=@OLD_SQL_MODE */;
/*!40014 SET FOREIGN_KEY_CHECKS=@OLD_FOREIGN_KEY_CHECKS */;
/*!40014 SET UNIQUE_CHECKS=@OLD_UNIQUE_CHECKS */;
/*!40101 SET CHARACTER_SET_CLIENT=@OLD_CHARACTER_SET_CLIENT */;
/*!40101 SET CHARACTER_SET_RESULTS=@OLD_CHARACTER_SET_RESULTS */;
/*!40101 SET COLLATION_CONNECTION=@OLD_COLLATION_CONNECTION */;
/*!40111 SET SQL_NOTES=@OLD_SQL_NOTES */;

-- Dump completed on 2026-04-10 21:53:56
