-- MySQL dump 10.13  Distrib 8.0.32, for Win64 (x86_64)
--
-- Host: localhost    Database: erp_product
-- ------------------------------------------------------
-- Server version	8.0.32

/*!40101 SET @OLD_CHARACTER_SET_CLIENT=@@CHARACTER_SET_CLIENT */;
/*!40101 SET @OLD_CHARACTER_SET_RESULTS=@@CHARACTER_SET_RESULTS */;
/*!40101 SET @OLD_COLLATION_CONNECTION=@@COLLATION_CONNECTION */;
/*!50503 SET NAMES utf8mb4 */;
/*!40103 SET @OLD_TIME_ZONE=@@TIME_ZONE */;
/*!40103 SET TIME_ZONE='+00:00' */;
/*!40014 SET @OLD_UNIQUE_CHECKS=@@UNIQUE_CHECKS, UNIQUE_CHECKS=0 */;
/*!40014 SET @OLD_FOREIGN_KEY_CHECKS=@@FOREIGN_KEY_CHECKS, FOREIGN_KEY_CHECKS=0 */;
/*!40101 SET @OLD_SQL_MODE=@@SQL_MODE, SQL_MODE='NO_AUTO_VALUE_ON_ZERO' */;
/*!40111 SET @OLD_SQL_NOTES=@@SQL_NOTES, SQL_NOTES=0 */;

--
-- Current Database: `erp_product`
--

/*!40000 DROP DATABASE IF EXISTS `erp_product`*/;

CREATE DATABASE /*!32312 IF NOT EXISTS*/ `erp_product` /*!40100 DEFAULT CHARACTER SET utf8mb4 COLLATE utf8mb4_0900_ai_ci */ /*!80016 DEFAULT ENCRYPTION='N' */;

USE `erp_product`;

--
-- Table structure for table `product`
--

DROP TABLE IF EXISTS `product`;
/*!40101 SET @saved_cs_client     = @@character_set_client */;
/*!50503 SET character_set_client = utf8mb4 */;
CREATE TABLE `product` (
  `id` bigint NOT NULL COMMENT '主键ID，雪花',
  `product_no` varchar(255) NOT NULL COMMENT '商品编码',
  `product_name` varchar(100) NOT NULL COMMENT '商品名称',
  `category_id` bigint NOT NULL COMMENT '商品分类',
  `specifications` varchar(200) DEFAULT NULL COMMENT '规格型号',
  `unit` varchar(20) NOT NULL COMMENT '计量单位',
  `purchase_price` decimal(12,2) DEFAULT NULL COMMENT '采购价格',
  `selling_price` decimal(12,2) DEFAULT NULL COMMENT '零售价格',
  `is_active` tinyint(1) DEFAULT '1' COMMENT '是否启用: 1-启用 2-不启用',
  `is_material` tinyint(1) DEFAULT '0' COMMENT '是否为物料: 1-是物料(用于生产) 2-非物料(成品)',
  `created_at` datetime DEFAULT CURRENT_TIMESTAMP COMMENT '创建时间',
  `created_by` bigint NOT NULL COMMENT '创建人ID',
  `updated_at` datetime DEFAULT CURRENT_TIMESTAMP ON UPDATE CURRENT_TIMESTAMP COMMENT '更新时间',
  `updated_by` bigint NOT NULL COMMENT '更新人ID',
  PRIMARY KEY (`id`),
  UNIQUE KEY `product_no` (`product_no`),
  KEY `idx_category_id` (`category_id`),
  KEY `idx_is_active` (`is_active`),
  KEY `idx_product_name` (`product_name`)
) ENGINE=InnoDB DEFAULT CHARSET=utf8mb4 COLLATE=utf8mb4_0900_ai_ci;
/*!40101 SET character_set_client = @saved_cs_client */;

--
-- Dumping data for table `product`
--

LOCK TABLES `product` WRITE;
/*!40000 ALTER TABLE `product` DISABLE KEYS */;
INSERT INTO `product` VALUES (1100000000000000001,'MAT001','Q235碳钢板',1000000000000000001,'厚度10mm，2000*7000mm','吨',4500.00,10.00,1,1,'2023-01-01 00:00:00',7000000000000000017,'2026-02-13 14:48:58',7000000000000000000),(1100000000000000002,'MAT002','Q345低合金钢板',1000000000000000011,'厚度12mm，2000*7000mm','吨',4800.00,NULL,1,1,'2023-01-01 00:00:00',7000000000000000017,'2023-01-01 00:00:00',7000000000000000017),(1100000000000000003,'MAT003','304不锈钢板',1000000000000000011,'厚度8mm，1500*7000mm','吨',18500.00,NULL,1,1,'2023-01-01 00:00:00',7000000000000000017,'2023-01-01 00:00:00',7000000000000000017),(1100000000000000004,'MAT004','45#圆钢',1000000000000000011,'直径50mm，长度6m','吨',5200.00,NULL,1,1,'2023-01-01 00:00:00',7000000000000000017,'2023-01-01 00:00:00',7000000000000000017),(1100000000000000005,'MAT005','角钢',1000000000000000011,'L50*50*5，长度6m','吨',4600.00,NULL,1,1,'2023-01-01 00:00:00',7000000000000000017,'2023-01-01 00:00:00',7000000000000000017),(1100000000000000006,'MAT006','铝合金板',1000000000000000012,'6061-T6，厚度5mm','吨',22000.00,NULL,1,1,'2023-01-01 00:00:00',7000000000000000016,'2023-01-01 00:00:00',7000000000000000016),(1100000000000000007,'MAT007','黄铜棒',1000000000000000012,'H62，直径30mm','吨',45000.00,NULL,1,1,'2023-01-01 00:00:00',7000000000000000016,'2023-01-01 00:00:00',7000000000000000016),(1100000000000000008,'STD001','六角螺栓M16*80',1000000000000000021,'8.8级，镀锌','个',2.50,NULL,1,1,'2023-01-01 00:00:00',7000000000000000016,'2023-01-01 00:00:00',7000000000000000016),(1100000000000000009,'STD002','六角螺母M16',1000000000000000021,'8级，镀锌','个',1.20,NULL,1,1,'2023-01-01 00:00:00',7000000000000000016,'2023-01-01 00:00:00',7000000000000000016),(1100000000000000010,'STD003','平垫圈16',1000000000000000021,'镀锌','个',0.30,NULL,1,1,'2023-01-01 00:00:00',7000000000000000016,'2023-01-01 00:00:00',7000000000000000016),(1100000000000000011,'STD004','深沟球轴承6208',1000000000000000022,'SKF品牌','个',85.00,NULL,1,1,'2023-01-01 00:00:00',7000000000000000017,'2023-01-01 00:00:00',7000000000000000017),(1100000000000000012,'STD005','圆锥滚子轴承30210',1000000000000000022,'NSK品牌','个',125.00,NULL,1,1,'2023-01-01 00:00:00',7000000000000000017,'2023-01-01 00:00:00',7000000000000000017),(1100000000000000013,'STD006','O型密封圈50*3',1000000000000000023,'丁腈橡胶','个',2.00,NULL,1,1,'2023-01-01 00:00:00',7000000000000000016,'2023-01-01 00:00:00',7000000000000000016),(1100000000000000014,'STD007','油封40*55*8',1000000000000000023,'氟橡胶','个',15.00,NULL,1,1,'2023-01-01 00:00:00',7000000000000000016,'2023-01-01 00:00:00',7000000000000000016),(1100000000000000015,'PRD001','标准机架MF-2000',1000000000000000031,'2000*1000*1500mm','台',8500.00,12800.00,1,2,'2023-01-01 00:00:00',7000000000000000017,'2026-02-06 21:05:42',7000000000000000017),(1100000000000000016,'PRD002','重型机架HF-3000',1000000000000000031,'3000*1500*2000mm','台',15000.00,22500.00,1,2,'2023-01-01 00:00:00',7000000000000000017,'2026-02-06 21:05:46',7000000000000000017),(1100000000000000017,'PRD003','移动机架MF-1500M',1000000000000000031,'1500*800*1200mm，带脚轮','台',6800.00,10200.00,1,2,'2023-01-01 00:00:00',7000000000000000017,'2026-02-06 21:05:46',7000000000000000017),(1100000000000000018,'PRD004','链条传动装置CT-200',1000000000000000032,'传动比1:3，功率5KW','套',4500.00,6800.00,1,2,'2023-01-01 00:00:00',7000000000000000016,'2026-02-06 21:05:46',7000000000000000016),(1100000000000000019,'PRD005','皮带传动装置BT-150',1000000000000000032,'传动比1:2，功率3KW','套',3200.00,4800.00,1,2,'2023-01-01 00:00:00',7000000000000000016,'2026-02-06 21:05:46',7000000000000000016),(1100000000000000020,'PRD006','齿轮传动装置GT-300',1000000000000000032,'传动比1:5，功率10KW','套',8500.00,12800.00,1,2,'2023-01-01 00:00:00',7000000000000000016,'2026-02-06 21:05:46',7000000000000000016),(1100000000000000021,'PRD007','可调支撑架AS-100',1000000000000000033,'高度800-1200mm可调','个',680.00,980.00,1,2,'2023-01-01 00:00:00',7000000000000000017,'2026-02-06 21:05:46',7000000000000000017),(1100000000000000022,'PRD008','重型支撑架HS-200',1000000000000000033,'承重2吨，高度1500mm','个',1200.00,1800.00,1,2,'2023-01-01 00:00:00',7000000000000000017,'2026-02-06 21:05:46',7000000000000000017),(1100000000000000023,'PRD009','机械防护罩MP-500',1000000000000000034,'500*400*300mm，钢板制','个',450.00,680.00,1,2,'2023-01-01 00:00:00',7000000000000000016,'2026-02-06 21:05:46',7000000000000000016),(1100000000000000024,'PRD010','透明防护罩TP-600',1000000000000000034,'600*500*400mm，亚克力','个',380.00,580.00,1,2,'2023-01-01 00:00:00',7000000000000000016,'2026-02-06 21:05:46',7000000000000000016),(1100000000000000025,'SEM001','机架底座焊接件',1000000000000000041,'1000*800mm','件',1500.00,2200.00,1,1,'2023-01-01 00:00:00',7000000000000000017,'2023-01-01 00:00:00',7000000000000000017),(1100000000000000026,'SEM002','支架焊接组件',1000000000000000041,'标准型','件',850.00,1280.00,1,1,'2023-01-01 00:00:00',7000000000000000017,'2023-01-01 00:00:00',7000000000000000017),(1100000000000000027,'SEM003','传动轴',1000000000000000042,'直径50mm，长度500mm','根',280.00,420.00,1,1,'2023-01-01 00:00:00',7000000000000000016,'2023-01-01 00:00:00',7000000000000000016),(1100000000000000028,'SEM004','联轴器',1000000000000000042,'标准型JQ50','个',180.00,280.00,1,1,'2023-01-01 00:00:00',7000000000000000016,'2023-01-01 00:00:00',7000000000000000016),(1100000000000000029,'SEM005','轴承座组件',1000000000000000043,'UCP208型','套',125.00,188.00,1,1,'2023-01-01 00:00:00',7000000000000000017,'2023-01-01 00:00:00',7000000000000000017),(1100000000000000030,'SEM006','导轨滑块组件',1000000000000000043,'长度1000mm','套',680.00,980.00,1,1,'2023-01-01 00:00:00',7000000000000000017,'2023-01-01 00:00:00',7000000000000000017),(1100000000000000031,'AUX001','焊条J422',1000000000000000005,'直径3.2mm','公斤',12.00,NULL,1,1,'2023-01-01 00:00:00',7000000000000000016,'2023-01-01 00:00:00',7000000000000000016),(1100000000000000032,'AUX002','切削液',1000000000000000005,'水溶性','升',15.00,NULL,1,1,'2023-01-01 00:00:00',7000000000000000016,'2023-01-01 00:00:00',7000000000000000016),(1100000000000000033,'AUX003','防锈油',1000000000000000005,'工业级','升',25.00,NULL,1,1,'2023-01-01 00:00:00',7000000000000000016,'2023-01-01 00:00:00',7000000000000000016);
/*!40000 ALTER TABLE `product` ENABLE KEYS */;
UNLOCK TABLES;

--
-- Table structure for table `product_batch`
--

DROP TABLE IF EXISTS `product_batch`;
/*!40101 SET @saved_cs_client     = @@character_set_client */;
/*!50503 SET character_set_client = utf8mb4 */;
CREATE TABLE `product_batch` (
  `id` bigint NOT NULL COMMENT '主键ID，雪花',
  `product_id` bigint NOT NULL COMMENT '商品id',
  `batch_no` varchar(50) NOT NULL COMMENT '批次号',
  `production_date` date NOT NULL COMMENT '生产日期',
  `created_at` datetime DEFAULT CURRENT_TIMESTAMP,
  PRIMARY KEY (`id`),
  KEY `idx_product` (`product_id`) COMMENT '商品ID索引',
  KEY `idx_batch_no` (`batch_no`) COMMENT '批次号索引'
) ENGINE=InnoDB DEFAULT CHARSET=utf8mb4 COLLATE=utf8mb4_0900_ai_ci;
/*!40101 SET character_set_client = @saved_cs_client */;

--
-- Dumping data for table `product_batch`
--

LOCK TABLES `product_batch` WRITE;
/*!40000 ALTER TABLE `product_batch` DISABLE KEYS */;
INSERT INTO `product_batch` VALUES (1200000000000000001,1100000000000000015,'BN202501-001','2025-01-10','2025-01-10 16:00:00'),(1200000000000000002,1100000000000000015,'BN202501-002','2025-01-15','2025-01-15 16:00:00'),(1200000000000000003,1100000000000000016,'BN202501-003','2025-01-20','2025-01-20 16:00:00'),(1200000000000000004,1100000000000000018,'BN202501-004','2025-01-25','2025-01-25 16:00:00'),(1200000000000000005,1100000000000000019,'BN202501-005','2025-01-28','2025-01-28 16:00:00'),(1200000000000000006,1100000000000000001,'BN202502-001','2025-02-01','2025-02-01 10:00:00'),(1200000000000000007,1100000000000000002,'BN202502-002','2025-02-01','2025-02-01 10:30:00'),(1200000000000000008,1100000000000000003,'BN202502-003','2025-02-01','2025-02-01 11:00:00'),(1200000000000000009,1100000000000000004,'BN202502-004','2025-02-01','2025-02-01 11:30:00'),(1200000000000000010,1100000000000000005,'BN202502-005','2025-02-01','2025-02-01 12:00:00'),(1200000000000000011,1100000000000000006,'BN202502-006','2025-02-01','2025-02-01 12:30:00'),(1200000000000000012,1100000000000000007,'BN202502-007','2025-02-01','2025-02-01 13:00:00'),(1200000000000000013,1100000000000000008,'BN202502-008','2025-02-02','2025-02-02 09:00:00'),(1200000000000000014,1100000000000000009,'BN202502-009','2025-02-02','2025-02-02 09:30:00'),(1200000000000000015,1100000000000000010,'BN202502-010','2025-02-02','2025-02-02 10:00:00'),(1200000000000000016,1100000000000000011,'BN202502-011','2025-02-02','2025-02-02 10:30:00'),(1200000000000000017,1100000000000000012,'BN202502-012','2025-02-02','2025-02-02 11:00:00'),(1200000000000000018,1100000000000000013,'BN202502-013','2025-02-02','2025-02-02 11:30:00'),(1200000000000000019,1100000000000000014,'BN202502-014','2025-02-02','2025-02-02 12:00:00'),(1200000000000000020,1100000000000000017,'BN202502-015','2025-02-03','2025-02-03 08:00:00'),(1200000000000000021,1100000000000000018,'BN202502-016','2025-02-03','2025-02-03 09:00:00'),(1200000000000000022,1100000000000000020,'BN202502-017','2025-02-03','2025-02-03 10:00:00'),(1200000000000000023,1100000000000000021,'BN202502-018','2025-02-03','2025-02-03 11:00:00'),(1200000000000000024,1100000000000000022,'BN202502-019','2025-02-03','2025-02-03 12:00:00'),(1200000000000000025,1100000000000000023,'BN202502-020','2025-02-03','2025-02-03 13:00:00'),(1200000000000000026,1100000000000000024,'BN202502-021','2025-02-03','2025-02-03 14:00:00'),(1200000000000000027,1100000000000000025,'BN202502-022','2025-02-04','2025-02-04 08:00:00'),(1200000000000000028,1100000000000000026,'BN202502-023','2025-02-04','2025-02-04 09:00:00'),(1200000000000000029,1100000000000000027,'BN202502-024','2025-02-04','2025-02-04 10:00:00'),(1200000000000000030,1100000000000000028,'BN202502-025','2025-02-04','2025-02-04 11:00:00'),(1200000000000000031,1100000000000000029,'BN202502-026','2025-02-04','2025-02-04 12:00:00'),(1200000000000000032,1100000000000000030,'BN202502-027','2025-02-04','2025-02-04 13:00:00'),(1200000000000000033,1100000000000000031,'BN202502-028','2025-02-05','2025-02-05 08:00:00'),(1200000000000000034,1100000000000000032,'BN202502-029','2025-02-05','2025-02-05 09:00:00'),(1200000000000000035,1100000000000000033,'BN202502-030','2025-02-05','2025-02-05 10:00:00');
/*!40000 ALTER TABLE `product_batch` ENABLE KEYS */;
UNLOCK TABLES;

--
-- Table structure for table `product_category`
--

DROP TABLE IF EXISTS `product_category`;
/*!40101 SET @saved_cs_client     = @@character_set_client */;
/*!50503 SET character_set_client = utf8mb4 */;
CREATE TABLE `product_category` (
  `id` bigint NOT NULL COMMENT '主键ID，雪花',
  `name` varchar(50) NOT NULL COMMENT '分类名称',
  `parent_id` bigint DEFAULT '0' COMMENT '父级分类',
  PRIMARY KEY (`id`)
) ENGINE=InnoDB DEFAULT CHARSET=utf8mb4 COLLATE=utf8mb4_0900_ai_ci;
/*!40101 SET character_set_client = @saved_cs_client */;

--
-- Dumping data for table `product_category`
--

LOCK TABLES `product_category` WRITE;
/*!40000 ALTER TABLE `product_category` DISABLE KEYS */;
INSERT INTO `product_category` VALUES (1000000000000000001,'原材料',0),(1000000000000000002,'标准件',0),(1000000000000000003,'成品',0),(1000000000000000004,'半成品',0),(1000000000000000005,'辅助材料',0),(1000000000000000011,'钢材',1000000000000000001),(1000000000000000012,'有色金属',1000000000000000001),(1000000000000000013,'塑料',1000000000000000001),(1000000000000000021,'螺栓螺母',1000000000000000002),(1000000000000000022,'轴承',1000000000000000002),(1000000000000000023,'密封件',1000000000000000002),(1000000000000000031,'机架结构',1000000000000000003),(1000000000000000032,'传动装置',1000000000000000003),(1000000000000000033,'支撑结构',1000000000000000003),(1000000000000000034,'防护罩',1000000000000000003),(1000000000000000041,'焊接件',1000000000000000004),(1000000000000000042,'机加工件',1000000000000000004),(1000000000000000043,'装配件',1000000000000000004);
/*!40000 ALTER TABLE `product_category` ENABLE KEYS */;
UNLOCK TABLES;

--
-- Dumping events for database 'erp_product'
--

--
-- Dumping routines for database 'erp_product'
--
/*!40103 SET TIME_ZONE=@OLD_TIME_ZONE */;

/*!40101 SET SQL_MODE=@OLD_SQL_MODE */;
/*!40014 SET FOREIGN_KEY_CHECKS=@OLD_FOREIGN_KEY_CHECKS */;
/*!40014 SET UNIQUE_CHECKS=@OLD_UNIQUE_CHECKS */;
/*!40101 SET CHARACTER_SET_CLIENT=@OLD_CHARACTER_SET_CLIENT */;
/*!40101 SET CHARACTER_SET_RESULTS=@OLD_CHARACTER_SET_RESULTS */;
/*!40101 SET COLLATION_CONNECTION=@OLD_COLLATION_CONNECTION */;
/*!40111 SET SQL_NOTES=@OLD_SQL_NOTES */;

-- Dump completed on 2026-04-10 21:53:57
