пїњ-- MySQL dump 10.13  Distrib 8.0.32, for Win64 (x86_64)
--
-- Host: localhost    Database: erp_sales
-- ------------------------------------------------------
-- Server version	8.0.32

/*!40101 SET @OLD_CHARACTER_SET_CLIENT=@@CHARACTER_SET_CLIENT */;
/*!40101 SET @OLD_CHARACTER_SET_RESULTS=@@CHARACTER_SET_RESULTS */;
/*!40101 SET @OLD_COLLATION_CONNECTION=@@COLLATION_CONNECTION */;
/*!50503 SET NAMES utf8mb4 */;
/*!40103 SET @OLD_TIME_ZONE=@@TIME_ZONE */;
/*!40103 SET TIME_ZONE='+00:00' */;
/*!40014 SET @OLD_UNIQUE_CHECKS=@@UNIQUE_CHECKS, UNIQUE_CHECKS=0 */;
/*!40014 SET @OLD_FOREIGN_KEY_CHECKS=@@FOREIGN_KEY_CHECKS, FOREIGN_KEY_CHECKS=0 */;
/*!40101 SET @OLD_SQL_MODE=@@SQL_MODE, SQL_MODE='NO_AUTO_VALUE_ON_ZERO' */;
/*!40111 SET @OLD_SQL_NOTES=@@SQL_NOTES, SQL_NOTES=0 */;

--
-- Current Database: `erp_sales`
--

/*!40000 DROP DATABASE IF EXISTS `erp_sales`*/;

CREATE DATABASE /*!32312 IF NOT EXISTS*/ `erp_sales` /*!40100 DEFAULT CHARACTER SET utf8mb4 COLLATE utf8mb4_0900_ai_ci */ /*!80016 DEFAULT ENCRYPTION='N' */;

USE `erp_sales`;

--
-- Table structure for table `sales_delivery`
--

DROP TABLE IF EXISTS `sales_delivery`;
/*!40101 SET @saved_cs_client     = @@character_set_client */;
/*!50503 SET character_set_client = utf8mb4 */;
CREATE TABLE `sales_delivery` (
  `id` bigint NOT NULL COMMENT 'еЗЇеЇУеНХID',
  `delivery_no` varchar(50) NOT NULL COMMENT 'еЗЇеЇУеНХеПЈ',
  `order_id` bigint DEFAULT NULL COMMENT 'йФАеФЃиЃҐеНХID',
  `warehouse_id` bigint NOT NULL COMMENT 'еЗЇеЇУдїУеЇУ',
  `delivery_date` date NOT NULL COMMENT 'еЗЇеЇУжЧ•жЬЯ',
  `total_quantity` decimal(12,2) DEFAULT '0.00' COMMENT 'жАїжХ∞йЗП',
  `total_amount` decimal(12,2) DEFAULT '0.00' COMMENT 'жАїйЗСйҐЭ',
  `status` tinyint DEFAULT '1' COMMENT 'зКґжАБпЉЪ1-жЬ™еЗЇеЇУ 2-еЈ≤еЗЇеЇУ 3-йГ®еИЖеЗЇеЇУ 4-еЈ≤еЃМжИР 5-еЈ≤еПЦжґИ',
  `created_by` bigint NOT NULL COMMENT 'жУНдљЬдЇЇ',
  `created_at` datetime NOT NULL DEFAULT CURRENT_TIMESTAMP,
  PRIMARY KEY (`id`),
  UNIQUE KEY `delivery_no` (`delivery_no`),
  KEY `idx_order_id` (`order_id`),
  KEY `idx_warehouse_id` (`warehouse_id`),
  KEY `idx_delivery_date` (`delivery_date`)
) ENGINE=InnoDB DEFAULT CHARSET=utf8mb4 COLLATE=utf8mb4_0900_ai_ci;
/*!40101 SET character_set_client = @saved_cs_client */;

--
-- Dumping data for table `sales_delivery`
--

LOCK TABLES `sales_delivery` WRITE;
/*!40000 ALTER TABLE `sales_delivery` DISABLE KEYS */;
INSERT INTO `sales_delivery` VALUES (607089636409353142,'DEL20260218-383221253002',7000000000000000007,4100000000000000003,'2026-02-21',30.00,57600.00,1,7000000000000000000,'2026-02-18 10:53:41'),(7200000000000000001,'SD202501001',7000000000000000001,4100000000000000003,'2025-01-12',2.00,25600.00,4,7000000000000000011,'2025-01-12 14:00:00'),(7200000000000000002,'SD202501002',7000000000000000002,4100000000000000003,'2025-01-18',3.00,38400.00,4,7000000000000000011,'2025-01-18 15:00:00'),(7200000000000000003,'SD202501003-1',7000000000000000003,4100000000000000003,'2025-01-22',5.00,34000.00,4,7000000000000000011,'2025-01-22 16:00:00'),(7200000000000000004,'SD202501003-2',7000000000000000003,4100000000000000003,'2025-01-23',7.00,33600.00,4,7000000000000000011,'2025-01-23 14:00:00'),(7200000000000000005,'SD202501004-1',7000000000000000004,4100000000000000003,'2025-01-28',2.00,45000.00,3,7000000000000000011,'2025-01-28 15:00:00'),(7200000000000000006,'SD202501005-1',7000000000000000005,4100000000000000003,'2025-01-30',6.00,51200.00,3,7000000000000000011,'2025-01-30 16:00:00'),(7200000000000000007,'SD202502001',7000000000000000008,4100000000000000003,'2025-02-01',5.00,3400.00,2,7000000000000000012,'2025-02-01 09:00:00'),(7200000000000000008,'SD202502002',7000000000000000006,4100000000000000003,'2025-02-05',2.00,45000.00,1,7000000000000000012,'2025-02-01 10:00:00');
/*!40000 ALTER TABLE `sales_delivery` ENABLE KEYS */;
UNLOCK TABLES;

--
-- Table structure for table `sales_delivery_detail`
--

DROP TABLE IF EXISTS `sales_delivery_detail`;
/*!40101 SET @saved_cs_client     = @@character_set_client */;
/*!50503 SET character_set_client = utf8mb4 */;
CREATE TABLE `sales_delivery_detail` (
  `id` bigint NOT NULL,
  `delivery_id` bigint NOT NULL COMMENT 'еЗЇеЇУеНХID',
  `product_id` bigint NOT NULL COMMENT 'еХЖеУБID',
  `product_name` varchar(100) DEFAULT NULL COMMENT 'еХЖеУБеРНзІ∞',
  `unit` varchar(20) NOT NULL COMMENT 'иЃ°йЗПеНХдљН',
  `quantity` decimal(10,2) NOT NULL COMMENT 'еЈ≤еЗЇеЇУжХ∞йЗП',
  `unit_price` decimal(12,2) NOT NULL COMMENT 'еНХдїЈ',
  `amount` decimal(12,2) NOT NULL COMMENT 'йЗСйҐЭ',
  `batch_id` bigint DEFAULT NULL COMMENT 'жЙєжђ°еПЈ',
  PRIMARY KEY (`id`),
  KEY `idx_delivery_id` (`delivery_id`) COMMENT 'еЗЇеЇУеНХIDзіҐеЉХ'
) ENGINE=InnoDB DEFAULT CHARSET=utf8mb4 COLLATE=utf8mb4_0900_ai_ci;
/*!40101 SET character_set_client = @saved_cs_client */;

--
-- Dumping data for table `sales_delivery_detail`
--

LOCK TABLES `sales_delivery_detail` WRITE;
/*!40000 ALTER TABLE `sales_delivery_detail` DISABLE KEYS */;
INSERT INTO `sales_delivery_detail` VALUES (7300000000000000001,7200000000000000001,1100000000000000015,'ж†ЗеЗЖжЬЇжЮґMF-2000','еП∞',2.00,12800.00,25600.00,1200000000000000001),(7300000000000000002,7200000000000000002,1100000000000000015,'ж†ЗеЗЖжЬЇжЮґMF-2000','еП∞',3.00,12800.00,38400.00,1200000000000000002),(7300000000000000003,7200000000000000003,1100000000000000018,'йУЊжЭ°дЉ†еК®и£ЕзљЃCT-200','е•Ч',5.00,6800.00,34000.00,1200000000000000004),(7300000000000000004,7200000000000000004,1100000000000000019,'зЪЃеЄ¶дЉ†еК®и£ЕзљЃBT-150','е•Ч',7.00,4800.00,33600.00,1200000000000000005),(7300000000000000005,7200000000000000005,1100000000000000016,'йЗНеЮЛжЬЇжЮґHF-3000','еП∞',2.00,22500.00,45000.00,1200000000000000003),(7300000000000000006,7200000000000000006,1100000000000000019,'зЪЃеЄ¶дЉ†еК®и£ЕзљЃBT-150','е•Ч',5.00,4800.00,24000.00,1200000000000000005),(7300000000000000007,7200000000000000006,1100000000000000020,'йљњиљЃдЉ†еК®и£ЕзљЃGT-300','е•Ч',1.00,12800.00,12800.00,NULL),(7300000000000000008,7200000000000000007,1100000000000000023,'жЬЇжҐ∞йШ≤жК§зљ©MP-500','дЄ™',5.00,680.00,3400.00,NULL);
/*!40000 ALTER TABLE `sales_delivery_detail` ENABLE KEYS */;
UNLOCK TABLES;

--
-- Table structure for table `sales_order`
--

DROP TABLE IF EXISTS `sales_order`;
/*!40101 SET @saved_cs_client     = @@character_set_client */;
/*!50503 SET character_set_client = utf8mb4 */;
CREATE TABLE `sales_order` (
  `id` bigint NOT NULL COMMENT 'йФАеФЃиЃҐеНХID',
  `order_no` varchar(50) NOT NULL COMMENT 'йФАеФЃиЃҐеНХеПЈ',
  `customer_id` bigint NOT NULL COMMENT 'еЃҐжИЈID',
  `order_date` date NOT NULL COMMENT 'иЃҐеНХжЧ•жЬЯ',
  `promised_date` date DEFAULT NULL COMMENT 'жЙњиѓЇдЇ§иіІжЧ•жЬЯ',
  `total_amount` decimal(12,2) DEFAULT '0.00' COMMENT 'иЃҐеНХжАїйЗСйҐЭ',
  `status` tinyint NOT NULL DEFAULT '1' COMMENT 'зКґжАБпЉЪ1-иНЙз®њ 2-еЈ≤з°ЃиЃ§ 3-йГ®еИЖеПСиіІ 4-еЈ≤еЃМжИР 5-еЈ≤еПЦжґИ',
  `salesman_id` bigint NOT NULL COMMENT 'йФАеФЃеСШпЉИеСШеЈ•еЈ•еПЈпЉЙ',
  `contract_url` varchar(255) DEFAULT NULL COMMENT 'еРИеРМURL',
  `created_at` datetime NOT NULL DEFAULT CURRENT_TIMESTAMP,
  PRIMARY KEY (`id`),
  UNIQUE KEY `order_no` (`order_no`),
  KEY `idx_customer_id` (`customer_id`),
  KEY `idx_status` (`status`),
  KEY `idx_salesman_id` (`salesman_id`),
  KEY `idx_order_date` (`order_date`)
) ENGINE=InnoDB DEFAULT CHARSET=utf8mb4 COLLATE=utf8mb4_0900_ai_ci;
/*!40101 SET character_set_client = @saved_cs_client */;

--
-- Dumping data for table `sales_order`
--

LOCK TABLES `sales_order` WRITE;
/*!40000 ALTER TABLE `sales_order` DISABLE KEYS */;
INSERT INTO `sales_order` VALUES (2503001,'SO-202503-001',2100000000000000004,'2025-03-05','2025-03-20',12500.00,4,7000000000000000009,NULL,'2025-03-05 09:30:00'),(2504001,'SO-202504-001',2100000000000000004,'2025-04-10','2025-04-25',8760.50,4,7000000000000000009,NULL,'2025-04-10 10:15:00'),(2505001,'SO-202505-001',2100000000000000004,'2025-05-08','2025-05-28',23400.00,4,7000000000000000009,'/contracts/SO-202505-001.pdf','2025-05-08 14:00:00'),(2506001,'SO-202506-001',2100000000000000004,'2025-06-12','2025-06-30',5680.00,4,7000000000000000009,NULL,'2025-06-12 08:45:00'),(2507001,'SO-202507-001',2100000000000000004,'2025-07-03','2025-07-18',31200.00,4,7000000000000000009,'/contracts/SO-202507-001.pdf','2025-07-03 11:20:00'),(2508001,'SO-202508-001',2100000000000000004,'2025-08-15','2025-09-01',9450.00,4,7000000000000000009,NULL,'2025-08-15 16:30:00'),(2509001,'SO-202509-001',2100000000000000004,'2025-09-20','2025-10-10',18900.00,3,7000000000000000009,'/contracts/SO-202509-001.pdf','2025-09-20 09:00:00'),(2510001,'SO-202510-001',2100000000000000004,'2025-10-11','2025-10-30',7320.00,3,7000000000000000009,NULL,'2025-10-11 13:45:00'),(2511001,'SO-202511-001',2100000000000000004,'2025-11-06','2025-11-25',42100.00,2,7000000000000000009,'/contracts/SO-202511-001.pdf','2025-11-06 10:00:00'),(2512001,'SO-202512-001',2100000000000000004,'2025-12-18','2026-01-05',15600.00,2,7000000000000000009,NULL,'2025-12-18 15:10:00'),(2601001,'SO-202601-001',2100000000000000004,'2026-01-09','2026-01-28',28350.00,2,7000000000000000009,NULL,'2026-01-09 09:50:00'),(2602001,'SO-202602-001',2100000000000000004,'2026-02-03','2026-02-20',11200.00,1,7000000000000000009,NULL,'2026-02-03 08:30:00'),(2602002,'SO-202602-002',2100000000000000004,'2026-02-14','2026-02-28',36750.00,1,7000000000000000009,'/contracts/SO-202602-002.pdf','2026-02-14 14:20:00'),(2602003,'SO-202602-003',2100000000000000004,'2026-02-25','2026-03-15',19800.00,1,7000000000000000009,NULL,'2026-02-25 11:00:00'),(607005939492463542,'ORD20260217-333334001004',604923910374302646,'2026-02-18','2026-02-19',256000.00,2,7000000000000000000,'','2026-02-17 21:02:14'),(7000000000000000001,'SO202501001',2100000000000000001,'2025-01-05','2025-01-15',25600.00,4,7000000000000000008,'contracts/SO202501001.pdf','2025-01-05 09:00:00'),(7000000000000000002,'SO202501002',2100000000000000003,'2025-01-08','2025-01-20',38400.00,4,7000000000000000009,'contracts/SO202501002.pdf','2025-01-08 10:00:00'),(7000000000000000003,'SO202501003',2100000000000000002,'2025-01-12','2025-01-25',68000.00,4,7000000000000000008,'contracts/SO202501003.pdf','2025-01-12 11:00:00'),(7000000000000000004,'SO202501004',2100000000000000004,'2025-01-18','2025-02-01',90000.00,3,7000000000000000009,'contracts/SO202501004.pdf','2025-01-18 14:00:00'),(7000000000000000005,'SO202501005',2100000000000000005,'2025-01-20','2025-02-05',76800.00,3,7000000000000000008,'contracts/SO202501005.pdf','2025-01-20 09:30:00'),(7000000000000000006,'SO202502001',2100000000000000008,'2025-01-25','2025-02-10',45000.00,2,7000000000000000009,'contracts/SO202502001.pdf','2025-01-25 10:00:00'),(7000000000000000007,'SO202502002',2100000000000000010,'2025-01-28','2025-02-15',57600.00,2,7000000000000000008,'contracts/SO202502002.pdf','2025-01-28 11:00:00'),(7000000000000000008,'SO202502003',2100000000000000006,'2025-01-30','2025-02-20',51000.00,2,7000000000000000009,NULL,'2025-01-30 14:30:00'),(7000000000000000009,'SO202502004',2100000000000000011,'2025-01-31','2025-02-25',19600.00,1,7000000000000000009,NULL,'2025-01-31 15:00:00'),(7000000000000000010,'SO202501006',2100000000000000012,'2025-01-15','2025-01-30',29400.00,5,7000000000000000008,NULL,'2025-01-15 16:00:00');
/*!40000 ALTER TABLE `sales_order` ENABLE KEYS */;
UNLOCK TABLES;

--
-- Table structure for table `sales_order_detail`
--

DROP TABLE IF EXISTS `sales_order_detail`;
/*!40101 SET @saved_cs_client     = @@character_set_client */;
/*!50503 SET character_set_client = utf8mb4 */;
CREATE TABLE `sales_order_detail` (
  `id` bigint NOT NULL,
  `order_id` bigint NOT NULL COMMENT 'йФАеФЃиЃҐеНХID',
  `product_id` bigint NOT NULL COMMENT 'еХЖеУБID',
  `product_name` varchar(100) DEFAULT NULL COMMENT 'еХЖеУБеРНзІ∞',
  `unit` varchar(20) NOT NULL COMMENT 'иЃ°йЗПеНХдљН',
  `quantity` decimal(10,2) NOT NULL COMMENT 'йФАеФЃжХ∞йЗП',
  `unit_price` decimal(12,2) NOT NULL COMMENT 'йФАеФЃеНХдїЈ',
  `amount` decimal(12,2) NOT NULL COMMENT 'йЗСйҐЭ',
  `delivered_qty` decimal(10,2) DEFAULT '0.00' COMMENT 'еЈ≤еПСиіІжХ∞йЗП',
  `remark` varchar(255) DEFAULT NULL COMMENT 'е§Зж≥®',
  PRIMARY KEY (`id`),
  KEY `idx_order_id` (`order_id`) COMMENT 'йФАеФЃиЃҐеНХIDзіҐеЉХ'
) ENGINE=InnoDB DEFAULT CHARSET=utf8mb4 COLLATE=utf8mb4_0900_ai_ci;
/*!40101 SET character_set_client = @saved_cs_client */;

--
-- Dumping data for table `sales_order_detail`
--

LOCK TABLES `sales_order_detail` WRITE;
/*!40000 ALTER TABLE `sales_order_detail` DISABLE KEYS */;
INSERT INTO `sales_order_detail` VALUES (607005939492529078,607005939492463542,1100000000000000015,'ж†ЗеЗЖжЬЇжЮґMF-2000','еП∞',20.00,12800.00,256000.00,0.00,''),(7100000000000000001,7000000000000000001,1100000000000000015,'ж†ЗеЗЖжЬЇжЮґMF-2000','еП∞',2.00,12800.00,25600.00,2.00,'еЈ≤еЕ®йГ®дЇ§дїШ'),(7100000000000000002,7000000000000000002,1100000000000000015,'ж†ЗеЗЖжЬЇжЮґMF-2000','еП∞',3.00,12800.00,38400.00,3.00,'еЈ≤еЕ®йГ®дЇ§дїШ'),(7100000000000000003,7000000000000000003,1100000000000000018,'йУЊжЭ°дЉ†еК®и£ЕзљЃCT-200','е•Ч',5.00,6800.00,34000.00,5.00,'еЈ≤еЕ®йГ®дЇ§дїШ'),(7100000000000000004,7000000000000000003,1100000000000000019,'зЪЃеЄ¶дЉ†еК®и£ЕзљЃBT-150','е•Ч',7.00,4800.00,33600.00,7.00,'еЈ≤еЕ®йГ®дЇ§дїШ'),(7100000000000000005,7000000000000000004,1100000000000000016,'йЗНеЮЛжЬЇжЮґHF-3000','еП∞',4.00,22500.00,90000.00,2.00,'еЈ≤еПСиіІ2еП∞'),(7100000000000000006,7000000000000000005,1100000000000000019,'зЪЃеЄ¶дЉ†еК®и£ЕзљЃBT-150','е•Ч',8.00,4800.00,38400.00,5.00,'еЈ≤еПСиіІ5е•Ч'),(7100000000000000007,7000000000000000005,1100000000000000020,'йљњиљЃдЉ†еК®и£ЕзљЃGT-300','е•Ч',3.00,12800.00,38400.00,1.00,'еЈ≤еПСиіІ1е•Ч'),(7100000000000000008,7000000000000000006,1100000000000000016,'йЗНеЮЛжЬЇжЮґHF-3000','еП∞',2.00,22500.00,45000.00,0.00,'зФЯдЇІдЄ≠'),(7100000000000000009,7000000000000000007,1100000000000000018,'йУЊжЭ°дЉ†еК®и£ЕзљЃCT-200','е•Ч',4.00,6800.00,27200.00,0.00,'еЊЕзФЯдЇІ'),(7100000000000000010,7000000000000000007,1100000000000000021,'еПѓи∞ГжФѓжТСжЮґAS-100','дЄ™',20.00,980.00,19600.00,0.00,'еЊЕзФЯдЇІ'),(7100000000000000011,7000000000000000007,1100000000000000022,'йЗНеЮЛжФѓжТСжЮґHS-200','дЄ™',6.00,1800.00,10800.00,0.00,'еЊЕзФЯдЇІ'),(7100000000000000012,7000000000000000008,1100000000000000015,'ж†ЗеЗЖжЬЇжЮґMF-2000','еП∞',3.00,12800.00,38400.00,0.00,'еЊЕзФЯдЇІ'),(7100000000000000013,7000000000000000008,1100000000000000021,'еПѓи∞ГжФѓжТСжЮґAS-100','дЄ™',10.00,980.00,9800.00,0.00,'еЊЕзФЯдЇІ'),(7100000000000000014,7000000000000000008,1100000000000000023,'жЬЇжҐ∞йШ≤жК§зљ©MP-500','дЄ™',5.00,680.00,3400.00,0.00,'еЇУе≠ШжЬЙиіІ'),(7100000000000000015,7000000000000000009,1100000000000000021,'еПѓи∞ГжФѓжТСжЮґAS-100','дЄ™',20.00,980.00,19600.00,0.00,'еЊЕз°ЃиЃ§'),(7100000000000000016,7000000000000000010,1100000000000000021,'еПѓи∞ГжФѓжТСжЮґAS-100','дЄ™',30.00,980.00,29400.00,0.00,'еЃҐжИЈеПЦжґИ');
/*!40000 ALTER TABLE `sales_order_detail` ENABLE KEYS */;
UNLOCK TABLES;

--
-- Dumping events for database 'erp_sales'
--

--
-- Dumping routines for database 'erp_sales'
--
/*!40103 SET TIME_ZONE=@OLD_TIME_ZONE */;

/*!40101 SET SQL_MODE=@OLD_SQL_MODE */;
/*!40014 SET FOREIGN_KEY_CHECKS=@OLD_FOREIGN_KEY_CHECKS */;
/*!40014 SET UNIQUE_CHECKS=@OLD_UNIQUE_CHECKS */;
/*!40101 SET CHARACTER_SET_CLIENT=@OLD_CHARACTER_SET_CLIENT */;
/*!40101 SET CHARACTER_SET_RESULTS=@OLD_CHARACTER_SET_RESULTS */;
/*!40101 SET COLLATION_CONNECTION=@OLD_COLLATION_CONNECTION */;
/*!40111 SET SQL_NOTES=@OLD_SQL_NOTES */;

-- Dump completed on 2026-04-10 21:53:57
