-- MySQL dump 10.13  Distrib 8.0.32, for Win64 (x86_64)
--
-- Host: localhost    Database: erp_hr
-- ------------------------------------------------------
-- Server version	8.0.32

/*!40101 SET @OLD_CHARACTER_SET_CLIENT=@@CHARACTER_SET_CLIENT */;
/*!40101 SET @OLD_CHARACTER_SET_RESULTS=@@CHARACTER_SET_RESULTS */;
/*!40101 SET @OLD_COLLATION_CONNECTION=@@COLLATION_CONNECTION */;
/*!50503 SET NAMES utf8mb4 */;
/*!40103 SET @OLD_TIME_ZONE=@@TIME_ZONE */;
/*!40103 SET TIME_ZONE='+00:00' */;
/*!40014 SET @OLD_UNIQUE_CHECKS=@@UNIQUE_CHECKS, UNIQUE_CHECKS=0 */;
/*!40014 SET @OLD_FOREIGN_KEY_CHECKS=@@FOREIGN_KEY_CHECKS, FOREIGN_KEY_CHECKS=0 */;
/*!40101 SET @OLD_SQL_MODE=@@SQL_MODE, SQL_MODE='NO_AUTO_VALUE_ON_ZERO' */;
/*!40111 SET @OLD_SQL_NOTES=@@SQL_NOTES, SQL_NOTES=0 */;

--
-- Current Database: `erp_hr`
--

/*!40000 DROP DATABASE IF EXISTS `erp_hr`*/;

CREATE DATABASE /*!32312 IF NOT EXISTS*/ `erp_hr` /*!40100 DEFAULT CHARACTER SET utf8mb4 COLLATE utf8mb4_0900_ai_ci */ /*!80016 DEFAULT ENCRYPTION='N' */;

USE `erp_hr`;

--
-- Table structure for table `attendance_record`
--

DROP TABLE IF EXISTS `attendance_record`;
/*!40101 SET @saved_cs_client     = @@character_set_client */;
/*!50503 SET character_set_client = utf8mb4 */;
CREATE TABLE `attendance_record` (
  `id` bigint NOT NULL COMMENT '主键ID，雪花',
  `employee_id` bigint NOT NULL COMMENT '员工id',
  `date` date NOT NULL COMMENT '日期',
  `clock_in` datetime DEFAULT NULL COMMENT '上班打卡时间',
  `clock_out` datetime DEFAULT NULL COMMENT '下班打卡时间',
  `is_am_missing` tinyint(1) NOT NULL DEFAULT '0' COMMENT '是否缺上午卡',
  `is_late` tinyint(1) NOT NULL DEFAULT '0' COMMENT '是否迟到',
  `is_pm_missing` tinyint(1) NOT NULL DEFAULT '0' COMMENT '是否缺下午卡',
  `is_early_leave` tinyint(1) NOT NULL DEFAULT '0' COMMENT '是否早退',
  `work_hours` decimal(4,2) DEFAULT '0.00' COMMENT '实际工作时长(小时)',
  `overtime_hours` decimal(4,2) DEFAULT '0.00' COMMENT '加班时长(小时)',
  `remark` varchar(255) DEFAULT NULL COMMENT '备注',
  PRIMARY KEY (`id`),
  UNIQUE KEY `uk_user_date` (`employee_id`,`date`),
  KEY `idx_user_date_status` (`employee_id`,`date`,`is_late`,`is_early_leave`),
  KEY `idx_date_status` (`date`,`is_late`,`is_early_leave`)
) ENGINE=InnoDB DEFAULT CHARSET=utf8mb4 COLLATE=utf8mb4_0900_ai_ci COMMENT='考勤记录表';
/*!40101 SET character_set_client = @saved_cs_client */;

--
-- Dumping data for table `attendance_record`
--

LOCK TABLES `attendance_record` WRITE;
/*!40000 ALTER TABLE `attendance_record` DISABLE KEYS */;
INSERT INTO `attendance_record` VALUES (607412363875853238,7000000000000000000,'2026-02-20',NULL,'2026-02-20 16:19:41',1,0,0,1,0.00,0.00,'早退 100分钟'),(910000000000000001,7000000000000000001,'2025-01-29','2025-01-29 08:00:00','2025-01-29 18:00:00',0,0,0,0,9.00,0.00,NULL),(910000000000000002,7000000000000000002,'2025-01-29','2025-01-29 08:05:00','2025-01-29 18:30:00',0,0,0,0,9.50,0.50,NULL),(910000000000000003,7000000000000000003,'2025-01-29','2025-01-29 08:35:00','2025-01-29 17:30:00',0,1,0,0,8.00,0.00,'迟到'),(910000000000000004,7000000000000000004,'2025-01-29','2025-01-29 07:55:00','2025-01-29 19:00:00',0,0,0,0,10.00,1.00,'加班'),(910000000000000005,7000000000000000005,'2025-01-29','2025-01-29 08:00:00','2025-01-29 17:00:00',0,0,0,1,8.00,0.00,'早退'),(910000000000000006,7000000000000000006,'2025-01-29','2025-01-29 08:10:00','2025-01-29 20:00:00',0,0,0,0,11.00,2.00,'加班'),(910000000000000007,7000000000000000007,'2025-01-29','2025-01-29 08:00:00','2025-01-29 18:00:00',0,0,0,0,9.00,0.00,NULL),(910000000000000008,7000000000000000008,'2025-01-29','2025-01-29 08:00:00','2025-01-29 18:00:00',0,0,0,0,9.00,0.00,NULL),(910000000000000009,7000000000000000001,'2025-01-30','2025-01-30 08:00:00','2025-01-30 18:00:00',0,0,0,0,9.00,0.00,NULL),(910000000000000010,7000000000000000002,'2025-01-30','2025-01-30 08:00:00','2025-01-30 18:00:00',0,0,0,0,9.00,0.00,NULL),(910000000000000011,7000000000000000003,'2025-01-30',NULL,NULL,1,0,1,0,0.00,0.00,'请假'),(910000000000000012,7000000000000000004,'2025-01-30','2025-01-30 08:00:00','2025-01-30 21:00:00',0,0,0,0,12.00,3.00,'月底结账加班'),(910000000000000013,7000000000000000005,'2025-01-30','2025-01-30 08:00:00','2025-01-30 20:00:00',0,0,0,0,11.00,2.00,'月底结账加班'),(910000000000000014,7000000000000000006,'2025-01-30','2025-01-30 08:00:00','2025-01-30 18:00:00',0,0,0,0,9.00,0.00,NULL),(910000000000000015,7000000000000000001,'2025-01-31','2025-01-31 08:00:00','2025-01-31 18:00:00',0,0,0,0,9.00,0.00,NULL),(910000000000000016,7000000000000000002,'2025-01-31','2025-01-31 08:00:00','2025-01-31 18:30:00',0,0,0,0,9.50,0.50,NULL),(910000000000000017,7000000000000000003,'2025-01-31','2025-01-31 08:00:00','2025-01-31 18:00:00',0,0,0,0,9.00,0.00,NULL),(910000000000000018,7000000000000000004,'2025-01-31','2025-01-31 07:50:00','2025-01-31 19:00:00',0,0,0,0,10.00,1.00,NULL),(910000000000000019,7000000000000000012,'2025-01-31','2025-01-31 08:00:00','2025-01-31 20:00:00',0,0,0,0,11.00,2.00,'生产加班'),(910000000000000020,7000000000000000013,'2025-01-31','2025-01-31 08:00:00','2025-01-31 20:00:00',0,0,0,0,11.00,2.00,'生产加班');
/*!40000 ALTER TABLE `attendance_record` ENABLE KEYS */;
UNLOCK TABLES;

--
-- Table structure for table `attendance_replenish`
--

DROP TABLE IF EXISTS `attendance_replenish`;
/*!40101 SET @saved_cs_client     = @@character_set_client */;
/*!50503 SET character_set_client = utf8mb4 */;
CREATE TABLE `attendance_replenish` (
  `id` bigint NOT NULL COMMENT '主键ID，雪花',
  `employee_id` bigint NOT NULL COMMENT '员工id',
  `original_date` date NOT NULL COMMENT '需补卡的日期',
  `apply_time` datetime NOT NULL COMMENT '申请时间',
  `replenish_type` tinyint NOT NULL COMMENT '补卡类型：1-补上班 2-补下班 3-补全天',
  `replenish_time` datetime DEFAULT NULL COMMENT '补卡时间（实际打卡时间几点）',
  `reason` varchar(500) NOT NULL COMMENT '补卡原因',
  `evidence` varchar(255) DEFAULT NULL COMMENT '证明材料URL',
  `status` tinyint DEFAULT '1' COMMENT '状态：1-审批中 2-已通过 3-已拒绝',
  `approver_id` bigint DEFAULT NULL COMMENT '审批人ID',
  `approve_time` datetime DEFAULT NULL COMMENT '审批时间',
  `approve_remark` varchar(255) DEFAULT NULL COMMENT '审批意见',
  PRIMARY KEY (`id`),
  KEY `idx_user_date` (`employee_id`,`original_date`)
) ENGINE=InnoDB DEFAULT CHARSET=utf8mb4 COLLATE=utf8mb4_0900_ai_ci COMMENT='补卡申请表';
/*!40101 SET character_set_client = @saved_cs_client */;

--
-- Dumping data for table `attendance_replenish`
--

LOCK TABLES `attendance_replenish` WRITE;
/*!40000 ALTER TABLE `attendance_replenish` DISABLE KEYS */;
INSERT INTO `attendance_replenish` VALUES (607566154491241398,7000000000000000003,'2026-02-20','2026-02-21 17:47:28',3,NULL,'354143','https://sakanatang.dpdns.org/02b20fc0d3e99e2e85d73771627899c2dddd1d38a086674512a7a0769a563c40.jpg',2,7000000000000000000,'2026-02-21 17:47:44',NULL),(920000000000000001,7000000000000000009,'2025-01-25','2025-01-25 18:00:00',2,'2025-01-25 18:00:00','系统故障未能打下班卡',NULL,2,7000000000000000008,'2025-01-26 09:00:00','情况属实，批准'),(920000000000000002,7000000000000000011,'2025-01-28','2025-01-28 18:30:00',1,'2025-01-28 08:00:00','早上指纹机故障','evidence/20250128_001.jpg',2,7000000000000000010,'2025-01-28 19:00:00','批准'),(920000000000000003,7000000000000000003,'2025-01-30','2025-01-31 09:00:00',3,NULL,'出差忘记打卡','evidence/20250131_001.pdf',3,7000000000000000002,'2026-02-21 12:49:50','大'),(920000000000000004,7000000000000000015,'2025-01-20','2025-01-20 20:00:00',2,'2025-01-20 18:00:00','忘记打卡',NULL,3,7000000000000000002,'2025-01-21 10:00:00','无充分理由，不予批准');
/*!40000 ALTER TABLE `attendance_replenish` ENABLE KEYS */;
UNLOCK TABLES;

--
-- Table structure for table `department`
--

DROP TABLE IF EXISTS `department`;
/*!40101 SET @saved_cs_client     = @@character_set_client */;
/*!50503 SET character_set_client = utf8mb4 */;
CREATE TABLE `department` (
  `id` bigint NOT NULL COMMENT '主键ID，雪花',
  `name` varchar(100) NOT NULL COMMENT '部门名称',
  `parent_id` bigint DEFAULT NULL COMMENT '父部门ID',
  `code` varchar(50) DEFAULT NULL COMMENT '部门编码',
  `manager_id` bigint DEFAULT NULL COMMENT '部门负责人id',
  `manager_no` char(13) CHARACTER SET utf8mb4 COLLATE utf8mb4_0900_ai_ci DEFAULT NULL COMMENT '部门负责人no',
  `manager_name` varchar(255) DEFAULT '' COMMENT '负责人姓名',
  `created_at` datetime NOT NULL DEFAULT CURRENT_TIMESTAMP,
  `updated_at` datetime NOT NULL DEFAULT CURRENT_TIMESTAMP ON UPDATE CURRENT_TIMESTAMP,
  PRIMARY KEY (`id`)
) ENGINE=InnoDB DEFAULT CHARSET=utf8mb4 COLLATE=utf8mb4_0900_ai_ci COMMENT='部门表';
/*!40101 SET character_set_client = @saved_cs_client */;

--
-- Dumping data for table `department`
--

LOCK TABLES `department` WRITE;
/*!40000 ALTER TABLE `department` DISABLE KEYS */;
INSERT INTO `department` VALUES (4000000000000000001,'总经办',NULL,'CEO',7000000000000000001,'EMP001','张总','2026-01-06 19:48:09','2026-02-15 14:43:33'),(4000000000000000002,'人事部',4000000000000000001,'HR',7000000000000000002,'EMP002','李人事','2026-01-06 19:48:09','2026-02-15 14:43:38'),(4000000000000000003,'财务部',4000000000000000001,'FIN',7000000000000000004,'EMP004','赵财务','2026-01-06 19:48:09','2026-02-15 14:43:46'),(4000000000000000004,'采购部',4000000000000000001,'PUR',7000000000000000006,'EMP006','孙采购','2026-01-06 19:48:09','2026-02-15 14:43:50'),(4000000000000000005,'销售部',4000000000000000001,'SALES',7000000000000000008,'EMP008','吴销售','2026-01-06 19:48:09','2026-02-15 14:43:55'),(4000000000000000006,'仓库部',4000000000000000001,'WH',7000000000000000010,'EMP010','钱仓库','2026-01-06 19:48:09','2026-02-15 14:44:01'),(4000000000000000007,'生产部',4000000000000000001,'PROD',7000000000000000012,'EMP012','陈生产','2026-01-06 19:48:09','2026-02-15 14:44:02'),(4000000000000000008,'销售部',4000000000000000001,'CRM',7000000000000000014,'EMP014','卫客服','2026-01-06 19:48:09','2026-01-07 23:47:29'),(4000000000000000009,'产品部',4000000000000000001,'PM',7000000000000000016,'EMP016','沈产品','2026-01-06 19:48:09','2026-01-07 23:47:29'),(4000000000000000010,'供应链部',4000000000000000001,'SCM',7000000000000000018,'EMP018','杨供应','2026-01-06 19:48:09','2026-01-07 23:47:29');
/*!40000 ALTER TABLE `department` ENABLE KEYS */;
UNLOCK TABLES;

--
-- Table structure for table `employee_detail`
--

DROP TABLE IF EXISTS `employee_detail`;
/*!40101 SET @saved_cs_client     = @@character_set_client */;
/*!50503 SET character_set_client = utf8mb4 */;
CREATE TABLE `employee_detail` (
  `id` bigint NOT NULL COMMENT '主键ID，雪花',
  `employee_no` char(13) CHARACTER SET utf8mb4 COLLATE utf8mb4_0900_ai_ci NOT NULL COMMENT '员工编号,E+年月日+随机四位',
  `name` varchar(255) NOT NULL COMMENT '真实姓名',
  `id_card` varchar(255) NOT NULL COMMENT '身份证号',
  `account` varchar(255) DEFAULT NULL COMMENT '银行卡号',
  `gender` tinyint NOT NULL COMMENT '性别：1-男 2-女',
  `birth_date` date NOT NULL COMMENT '出生日期',
  `department_id` bigint NOT NULL COMMENT '所属部门',
  `position_id` bigint NOT NULL COMMENT '职位',
  `salary` decimal(10,2) DEFAULT NULL COMMENT '基本工资',
  `hire_date` date NOT NULL COMMENT '入职日期',
  `leave_date` date DEFAULT NULL COMMENT '离职日期',
  PRIMARY KEY (`id`),
  UNIQUE KEY `uk_employee_no` (`employee_no`) USING BTREE,
  KEY `idx_department_id` (`department_id`),
  KEY `idx_position_id` (`position_id`)
) ENGINE=InnoDB DEFAULT CHARSET=utf8mb4 COLLATE=utf8mb4_0900_ai_ci COMMENT='员工信息扩展表';
/*!40101 SET character_set_client = @saved_cs_client */;

--
-- Dumping data for table `employee_detail`
--

LOCK TABLES `employee_detail` WRITE;
/*!40000 ALTER TABLE `employee_detail` DISABLE KEYS */;
INSERT INTO `employee_detail` VALUES (607834285457548214,'E202602238734','张三','FIR/GxY/DJWKBp+QZDJL7Jm4dFgSSth7zRFPu/r+jKWtLHK9rFDyPFehgYPo0w==',NULL,1,'1995-01-01',4000000000000000008,5000000000000000003,6000.00,'2026-02-25',NULL),(608255785092260790,'E202602261806','刘思琪','7yEtTvqqfLzFiCRONfvG0Mjs+b9/ln7Ogcn34ShozgAYlB3DMtiqrjDd6qUIFw==','',2,'1992-05-04',4000000000000000002,5000000000000000003,16000.00,'2018-09-05',NULL),(608255785092326326,'E202602269460','陈志伟','05gfZwfUPJ7reY/q/sZYCg97abRAElYXD+Dy0E4hSiqpnr7/73qgfuWKO3R24Q==','',1,'1988-06-05',4000000000000000007,5000000000000000003,14000.00,'2020-11-25',NULL),(608255785092391862,'E202602263702','赵雅婷','x4ZU2e8sMGE7MB2nxDb7aeYUB43/Sr4UWjrork+4p4y47P59PGRAmAPYon/QdA==','',2,'1993-07-06',4000000000000000007,5000000000000000003,12000.00,'2022-02-14',NULL),(7000000000000000000,'admin','系统管理员','110101197001011234','admin',1,'1970-01-01',4000000000000000001,5000000000000000001,100000.00,'2020-01-01',NULL),(7000000000000000001,'EMP001','张总','110101198001011234','ceo',1,'1980-01-01',4000000000000000001,5000000000000000001,50000.00,'2020-01-01',NULL),(7000000000000000002,'EMP002','李人事','110101198502021234','hr_manager',2,'1985-02-02',4000000000000000002,5000000000000000002,15000.00,'2020-01-01',NULL),(7000000000000000003,'EMP003','王小红','110101199003031234','hr_staff',2,'1990-03-03',4000000000000000002,5000000000000000003,8000.00,'2021-01-01',NULL),(7000000000000000004,'EMP004','赵财务','110101198204041234','finance_manager',1,'1982-04-04',4000000000000000003,5000000000000000002,18000.00,'2020-01-01',NULL),(7000000000000000005,'EMP005','刘会计','110101199105051234','finance_staff',2,'1991-05-05',4000000000000000003,5000000000000000003,9000.00,'2021-01-01',NULL),(7000000000000000006,'EMP006','孙采购','110101198306061234','purchase_manager',1,'1983-06-06',4000000000000000004,5000000000000000002,16000.00,'2020-01-01',NULL),(7000000000000000007,'EMP007','周小明','110101199207071234','purchase_staff',1,'1992-07-07',4000000000000000004,5000000000000000003,8500.00,'2021-01-01',NULL),(7000000000000000008,'EMP008','吴销售','110101198408081234','sales_manager',1,'1984-08-08',4000000000000000005,5000000000000000002,20000.00,'2020-01-01',NULL),(7000000000000000009,'EMP009','郑小丽','110101199309091234','sales_staff',2,'1993-09-09',4000000000000000005,5000000000000000003,10000.00,'2021-01-01',NULL),(7000000000000000010,'EMP010','钱仓库','110101198510101234','warehouse_manager',1,'1985-10-10',4000000000000000006,5000000000000000002,14000.00,'2020-01-01',NULL),(7000000000000000011,'EMP011','冯小刚','110101199411111234','warehouse_staff',1,'1994-11-11',4000000000000000006,5000000000000000005,7500.00,'2021-01-01',NULL),(7000000000000000012,'EMP012','陈生产','110101198312121234','production_manager',1,'1983-12-12',4000000000000000007,5000000000000000002,17000.00,'2020-01-01',NULL),(7000000000000000013,'EMP013','褚小强','110101199501131234','production_staff',1,'1995-01-13',4000000000000000007,5000000000000000003,8800.00,'2021-01-01',NULL),(7000000000000000014,'EMP014','卫客服','110101198602141234','customer_manager',2,'1986-02-14',4000000000000000008,5000000000000000002,14000.00,'2020-01-01',NULL),(7000000000000000015,'EMP015','蒋小芳','110101199603151234','customer_staff',2,'1996-03-15',4000000000000000008,5000000000000000003,7000.00,'2021-01-01',NULL),(7000000000000000016,'EMP016','沈产品','110101198404161234','product_manager',1,'1984-04-16',4000000000000000009,5000000000000000002,16000.00,'2020-01-01',NULL),(7000000000000000017,'EMP017','韩小华','110101199505171234','product_staff',1,'1995-05-17',4000000000000000009,5000000000000000003,8500.00,'2021-01-01',NULL),(7000000000000000018,'EMP018','杨供应','110101198506181234','supplier_manager',1,'1985-06-18',4000000000000000010,5000000000000000002,15000.00,'2020-01-01',NULL),(7000000000000000019,'EMP019','朱小军','110101199407191234','supplier_staff',1,'1994-07-19',4000000000000000010,5000000000000000003,8000.00,'2021-01-01',NULL),(7000000000000000020,'EMP020','马志强','110101199208201234','former_staff',1,'1992-08-20',4000000000000000005,5000000000000000003,9500.00,'2022-03-01','2024-12-31'),(7000000000000000021,'EMP021','李美娟','110101199509211234','former_staff2',2,'1995-09-21',4000000000000000002,5000000000000000003,8200.00,'2023-06-15','2025-01-15'),(7000000000000000022,'EMP022','张小明','110101199612221234','zhangxiaoming',1,'1996-12-22',4000000000000000005,5000000000000000003,7800.00,'2024-01-15','2026-02-24'),(7000000000000000023,'EMP023','王小丽','110101199803231234','wangxiaoli',2,'1998-03-23',4000000000000000003,5000000000000000003,7504.00,'2024-03-01',NULL);
/*!40000 ALTER TABLE `employee_detail` ENABLE KEYS */;
UNLOCK TABLES;

--
-- Table structure for table `leave_application`
--

DROP TABLE IF EXISTS `leave_application`;
/*!40101 SET @saved_cs_client     = @@character_set_client */;
/*!50503 SET character_set_client = utf8mb4 */;
CREATE TABLE `leave_application` (
  `id` bigint unsigned NOT NULL COMMENT '主键ID，雪花',
  `employee_id` bigint NOT NULL COMMENT '员工id',
  `type` tinyint NOT NULL COMMENT '类型：1-年假 2-病假 3-事假 4-其他',
  `start_time` datetime NOT NULL COMMENT '开始时间',
  `end_time` datetime NOT NULL COMMENT '结束时间',
  `duration` decimal(5,1) NOT NULL COMMENT '时长(天)',
  `reason` varchar(500) NOT NULL COMMENT '请假原因',
  `evidence` varchar(255) DEFAULT NULL COMMENT '证明材料URL',
  `status` tinyint DEFAULT '1' COMMENT '状态：1-审批中 2-已通过 3-已拒绝',
  `approver_id` bigint DEFAULT NULL COMMENT '审批人ID',
  `approve_time` datetime DEFAULT NULL COMMENT '审批时间',
  `approve_remark` varchar(255) DEFAULT NULL COMMENT '审批意见',
  `created_at` datetime NOT NULL DEFAULT CURRENT_TIMESTAMP,
  PRIMARY KEY (`id`),
  KEY `idx_employee_id` (`employee_id`)
) ENGINE=InnoDB DEFAULT CHARSET=utf8mb4 COLLATE=utf8mb4_0900_ai_ci COMMENT='请假申请表';
/*!40101 SET character_set_client = @saved_cs_client */;

--
-- Dumping data for table `leave_application`
--

LOCK TABLES `leave_application` WRITE;
/*!40000 ALTER TABLE `leave_application` DISABLE KEYS */;
INSERT INTO `leave_application` VALUES (607577782175671222,7000000000000000003,4,'2026-02-04 12:00:00','2026-02-21 19:42:47',17.3,'fsfad','https://sakanatang.dpdns.org/02b20fc0d3e99e2e85d73771627899c2dddd1d38a086674512a7a0769a563c40.jpg',2,7000000000000000000,'2026-02-21 19:44:32','三大','2026-02-21 19:42:58'),(608254254892721078,7000000000000000023,2,'2026-02-26 00:00:00','2026-02-26 00:00:00',0.0,'打算',NULL,3,7000000000000000000,'2026-02-26 11:43:29','原因','2026-02-26 11:43:07'),(608254859845575606,7000000000000000023,2,'2026-02-27 00:00:00','2026-02-27 00:00:00',0.0,'生病',NULL,2,7000000000000000000,'2026-02-26 11:49:21',NULL,'2026-02-26 11:49:08'),(608255610089120694,7000000000000000023,2,'2026-02-26 00:00:00','2026-02-26 11:56:30',0.5,'生病',NULL,2,7000000000000000000,'2026-02-26 11:56:48','同意','2026-02-26 11:56:35'),(930000000000000001,7000000000000000003,3,'2025-01-30 08:00:00','2025-01-30 18:00:00',1.0,'家中有急事需要处理',NULL,2,7000000000000000002,'2025-01-29 17:00:00','批准','2025-01-29 15:00:00'),(930000000000000002,7000000000000000005,2,'2025-01-20 08:00:00','2025-01-22 18:00:00',3.0,'身体不适，需要休息','evidence/medical_20250120.pdf',2,7000000000000000004,'2025-01-19 18:00:00','注意身体，批准','2025-01-19 16:00:00'),(930000000000000003,7000000000000000008,1,'2025-02-10 08:00:00','2025-02-14 18:00:00',5.0,'春节后年假',NULL,2,7000000000000000006,'2025-01-25 16:00:00','批准年假','2025-01-25 14:00:00'),(930000000000000004,7000000000000000009,3,'2025-02-03 08:00:00','2025-02-03 12:00:00',0.5,'孩子学校有事',NULL,3,7000000000000000008,'2026-02-21 18:31:34','阿萨德啊','2025-01-31 10:00:00'),(930000000000000005,7000000000000000011,4,'2025-02-05 08:00:00','2025-02-05 18:00:00',1.0,'搬家',NULL,2,7000000000000000010,'2026-02-21 18:31:37','阿达的','2025-01-31 11:00:00'),(930000000000000006,7000000000000000013,3,'2025-01-28 08:00:00','2025-01-29 18:00:00',2.0,'私事',NULL,3,7000000000000000012,'2025-01-27 17:00:00','生产任务紧急，暂不批准','2025-01-27 14:00:00');
/*!40000 ALTER TABLE `leave_application` ENABLE KEYS */;
UNLOCK TABLES;

--
-- Table structure for table `payroll_record`
--

DROP TABLE IF EXISTS `payroll_record`;
/*!40101 SET @saved_cs_client     = @@character_set_client */;
/*!50503 SET character_set_client = utf8mb4 */;
CREATE TABLE `payroll_record` (
  `id` bigint unsigned NOT NULL COMMENT '主键ID，雪花',
  `employee_id` bigint NOT NULL COMMENT '员工id',
  `payment_month` date NOT NULL COMMENT '薪资月份(如2025-06-01表示6月)',
  `base_salary` decimal(10,2) DEFAULT NULL COMMENT '基本工资',
  `bonus` decimal(10,2) DEFAULT '0.00' COMMENT '奖金',
  `deductions` decimal(10,2) DEFAULT '0.00' COMMENT '扣款',
  `net_salary` decimal(10,2) DEFAULT NULL COMMENT '实发工资',
  `calculated_by` bigint DEFAULT NULL COMMENT '核算人id',
  `calculated_at` datetime DEFAULT NULL COMMENT '核算日期时间',
  `status` tinyint NOT NULL DEFAULT '1' COMMENT '薪酬状态：1-未核算，2-已核算，3-已提交，4-待发放，5-已发放，6-发放失败',
  `description` varchar(200) DEFAULT NULL COMMENT '描述/备注',
  `payment_at` datetime DEFAULT NULL COMMENT '发放日期',
  `created_at` datetime DEFAULT CURRENT_TIMESTAMP COMMENT '创建时间',
  PRIMARY KEY (`id`),
  UNIQUE KEY `uk_employee_month` (`employee_id`,`payment_month`),
  KEY `idx_employee_id` (`employee_id`),
  KEY `idx_status` (`status`)
) ENGINE=InnoDB DEFAULT CHARSET=utf8mb4 COLLATE=utf8mb4_0900_ai_ci;
/*!40101 SET character_set_client = @saved_cs_client */;

--
-- Dumping data for table `payroll_record`
--

LOCK TABLES `payroll_record` WRITE;
/*!40000 ALTER TABLE `payroll_record` DISABLE KEYS */;
INSERT INTO `payroll_record` VALUES (940000000000000001,7000000000000000001,'2025-01-01',50000.00,10000.00,8500.00,51500.00,7000000000000000004,'2025-01-20 09:00:00',5,'1月工资','2025-01-25 10:00:00','2025-01-20 09:00:00'),(940000000000000002,7000000000000000002,'2025-01-01',15000.00,2500.00,2625.00,14875.00,7000000000000000004,'2025-01-20 09:00:00',5,'1月工资','2025-01-25 10:00:00','2025-01-20 09:00:00'),(940000000000000003,7000000000000000003,'2025-01-01',8000.00,800.00,1320.00,7480.00,7000000000000000004,'2025-01-20 09:00:00',5,'1月工资','2025-01-25 10:00:00','2025-01-20 09:00:00'),(940000000000000004,7000000000000000004,'2025-01-01',18000.00,3000.00,3150.00,17850.00,7000000000000000004,'2025-01-20 09:00:00',5,'1月工资','2025-01-25 10:00:00','2025-01-20 09:00:00'),(940000000000000005,7000000000000000005,'2025-01-01',9000.00,800.00,1470.00,8330.00,7000000000000000004,'2025-01-20 09:00:00',5,'1月工资','2025-01-25 10:00:00','2025-01-20 09:00:00'),(940000000000000006,7000000000000000006,'2025-01-01',16000.00,3300.00,2895.00,16405.00,7000000000000000004,'2025-01-20 09:00:00',5,'1月工资','2025-01-25 10:00:00','2025-01-20 09:00:00'),(940000000000000007,7000000000000000007,'2025-01-01',8500.00,1000.00,1425.00,8075.00,7000000000000000004,'2025-01-20 09:00:00',5,'1月工资','2025-01-25 10:00:00','2025-01-20 09:00:00'),(940000000000000008,7000000000000000008,'2025-01-01',20000.00,5000.00,3750.00,21250.00,7000000000000000004,'2025-01-20 09:00:00',5,'1月工资','2025-01-25 10:00:00','2025-01-20 09:00:00'),(940000000000000009,7000000000000000009,'2025-01-01',10000.00,1500.00,1725.00,9775.00,7000000000000000004,'2025-01-20 09:00:00',5,'1月工资','2025-01-25 10:00:00','2025-01-20 09:00:00'),(940000000000000010,7000000000000000010,'2025-01-01',14000.00,2700.00,2505.00,14195.00,7000000000000000004,'2025-01-20 09:00:00',5,'1月工资','2025-01-25 10:00:00','2025-01-20 09:00:00'),(940000000000000011,7000000000000000011,'2025-01-01',7500.00,800.00,1245.00,7055.00,7000000000000000004,'2025-01-20 09:00:00',5,'1月工资','2025-01-25 10:00:00','2025-01-20 09:00:00'),(940000000000000012,7000000000000000012,'2025-01-01',17000.00,5500.00,3375.00,19125.00,7000000000000000004,'2025-01-20 09:00:00',5,'1月工资','2025-01-25 10:00:00','2025-01-20 09:00:00'),(940000000000000013,7000000000000000013,'2025-01-01',8800.00,1200.00,1500.00,8500.00,7000000000000000004,'2025-01-20 09:00:00',5,'1月工资','2025-01-25 10:00:00','2025-01-20 09:00:00'),(940000000000000014,7000000000000000001,'2025-02-01',50000.00,8000.00,8700.00,49300.00,7000000000000000004,'2025-01-31 15:00:00',4,'2月工资',NULL,'2025-01-31 15:00:00'),(940000000000000015,7000000000000000002,'2025-02-01',15000.00,1800.00,2520.00,14280.00,7000000000000000004,'2025-01-31 15:00:00',4,'2月工资',NULL,'2025-01-31 15:00:00'),(940000000000000016,7000000000000000003,'2025-02-01',8000.00,500.00,1275.00,7225.00,7000000000000000004,'2025-01-31 15:00:00',4,'2月工资',NULL,'2025-01-31 15:00:00'),(940000000000000017,7000000000000000004,'2025-02-01',18000.00,2800.00,3120.00,17680.00,7000000000000000004,'2025-01-31 15:00:00',4,'2月工资',NULL,'2025-01-31 15:00:00'),(940000000000000018,7000000000000000005,'2025-02-01',9000.00,600.00,1440.00,8160.00,7000000000000000004,'2025-01-31 15:00:00',4,'2月工资',NULL,'2025-01-31 15:00:00');
/*!40000 ALTER TABLE `payroll_record` ENABLE KEYS */;
UNLOCK TABLES;

--
-- Table structure for table `position`
--

DROP TABLE IF EXISTS `position`;
/*!40101 SET @saved_cs_client     = @@character_set_client */;
/*!50503 SET character_set_client = utf8mb4 */;
CREATE TABLE `position` (
  `id` bigint NOT NULL COMMENT '主键ID，雪花',
  `name` varchar(100) NOT NULL COMMENT '岗位名称',
  `description` text COMMENT '岗位描述',
  PRIMARY KEY (`id`)
) ENGINE=InnoDB DEFAULT CHARSET=utf8mb4 COLLATE=utf8mb4_0900_ai_ci COMMENT='岗位表';
/*!40101 SET character_set_client = @saved_cs_client */;

--
-- Dumping data for table `position`
--

LOCK TABLES `position` WRITE;
/*!40000 ALTER TABLE `position` DISABLE KEYS */;
INSERT INTO `position` VALUES (5000000000000000001,'总经理','公司总经理，负责公司整体运营'),(5000000000000000002,'部门经理','部门经理，负责部门管理工作'),(5000000000000000003,'专员','部门专员，负责具体业务工作'),(5000000000000000004,'主管','部门主管，协助经理工作'),(5000000000000000005,'仓库管理员','仓库管理员，负责库存管理');
/*!40000 ALTER TABLE `position` ENABLE KEYS */;
UNLOCK TABLES;

--
-- Table structure for table `resigned_application`
--

DROP TABLE IF EXISTS `resigned_application`;
/*!40101 SET @saved_cs_client     = @@character_set_client */;
/*!50503 SET character_set_client = utf8mb4 */;
CREATE TABLE `resigned_application` (
  `id` bigint NOT NULL COMMENT '主键ID，雪花',
  `employee_id` bigint NOT NULL COMMENT '申请人',
  `reason` varchar(500) NOT NULL COMMENT '申请原因',
  `leave_date` datetime NOT NULL COMMENT '离职时间',
  `evidence` varchar(255) DEFAULT NULL COMMENT '证明材料图片URL',
  `status` tinyint DEFAULT '1' COMMENT '状态：1-审批中 2-已通过 3-已拒绝',
  `approver_id` bigint DEFAULT NULL COMMENT '审批人ID',
  `approve_time` datetime DEFAULT NULL COMMENT '审批时间',
  `approve_remark` varchar(255) DEFAULT NULL COMMENT '审批意见',
  `created_at` datetime NOT NULL DEFAULT CURRENT_TIMESTAMP,
  PRIMARY KEY (`id`),
  KEY `idx_employee_id` (`employee_id`)
) ENGINE=InnoDB DEFAULT CHARSET=utf8mb4 COLLATE=utf8mb4_0900_ai_ci COMMENT='离职申请表';
/*!40101 SET character_set_client = @saved_cs_client */;

--
-- Dumping data for table `resigned_application`
--

LOCK TABLES `resigned_application` WRITE;
/*!40000 ALTER TABLE `resigned_application` DISABLE KEYS */;
INSERT INTO `resigned_application` VALUES (607593369081750454,7000000000000000022,'大大1','2026-02-24 00:00:00','https://sakanatang.dpdns.org/02b20fc0d3e99e2e85d73771627899c2dddd1d38a086674512a7a0769a563c40.jpg',2,7000000000000000000,'2026-02-21 22:50:37','阿达','2026-02-21 22:17:49'),(900000000000000001,7000000000000000020,'个人发展原因','2024-12-31 18:00:00','a.jpg',2,7000000000000000002,'2024-12-20 17:00:00','批准离职，感谢贡献','2024-12-15 09:00:00'),(900000000000000002,7000000000000000021,'家庭原因需要回老家','2025-01-15 18:00:00',NULL,2,7000000000000000002,'2025-01-05 16:00:00','批准','2025-01-02 10:00:00');
/*!40000 ALTER TABLE `resigned_application` ENABLE KEYS */;
UNLOCK TABLES;

--
-- Dumping events for database 'erp_hr'
--

--
-- Dumping routines for database 'erp_hr'
--
/*!40103 SET TIME_ZONE=@OLD_TIME_ZONE */;

/*!40101 SET SQL_MODE=@OLD_SQL_MODE */;
/*!40014 SET FOREIGN_KEY_CHECKS=@OLD_FOREIGN_KEY_CHECKS */;
/*!40014 SET UNIQUE_CHECKS=@OLD_UNIQUE_CHECKS */;
/*!40101 SET CHARACTER_SET_CLIENT=@OLD_CHARACTER_SET_CLIENT */;
/*!40101 SET CHARACTER_SET_RESULTS=@OLD_CHARACTER_SET_RESULTS */;
/*!40101 SET COLLATION_CONNECTION=@OLD_COLLATION_CONNECTION */;
/*!40111 SET SQL_NOTES=@OLD_SQL_NOTES */;

-- Dump completed on 2026-04-10 21:53:56
